"","Gene_1","Gene_2","Gene_3","Gene_4","Gene_5","Gene_6","Gene_7","Gene_8","Gene_9","Gene_10","Gene_11","Gene_12","Gene_13","Gene_14","Gene_15","Gene_16","Gene_17","Gene_18","Gene_19","Gene_20","Gene_21","Gene_22","Gene_23","Gene_24","Gene_25","Gene_26","Gene_27","Gene_28","Gene_29","Gene_30","Gene_31","Gene_32","Gene_33","Gene_34","Gene_35"
"Patient_1",6.17163043049392,6.91930562453778,7.44124449867559,7.87570335325363,7.08149317895521,7.49892219594934,7.798838331672,8.79050204741036,7.94576390481146,7.80643737861612,7.57005924021773,5.97228080245436,6.04864352141125,7.07890417588102,6.40676820899055,7.79258915650605,7.77307417345577,6.91822115829675,7.52204512498237,6.25539708951165,7.75719966006849,8.20889106170081,6.85181692459534,6.46281659337313,7.3028860787777,6.99982164559476,7.19085677829772,7.74230585087315,6.79693866372697,6.21133468214164,7.42598977115141,6.61026439793002,6.79610306735798,7.84883553360223,7.15775003027386
"Patient_2",6.77315055636985,6.71227243994106,8.11751072122838,7.40684614149506,6.54571750636683,8.11198316473788,7.24827695625651,7.5465784665582,6.95296210343252,8.05639124674374,6.1584293938612,6.38217920900901,6.40286276242345,6.02970795681543,5.07672879631778,7.34607670440515,7.44964305281834,6.98623574857049,6.97576040824801,7.02971984119892,8.11633607364817,7.97373607927542,6.42616039440831,7.64089000117836,7.57686973880891,7.67077131080982,8.05079313927715,8.28515308602524,7.52974279041028,7.39256855019699,7.39809715725048,6.92453276633575,6.86192826761271,7.77690004983404,7.49300152278376
"Patient_3",5.77378575114946,6.82591817265363,8.0692213701112,7.77018913304057,6.59018610458183,7.55608927078161,8.35531252687968,9.01890875960792,6.88911522228274,7.63116318488086,7.83003578818649,5.97839177779454,4.65315578504166,6.91633658592115,6.23286284626414,7.55852027481826,8.13868399933177,8.23465136865562,6.92165472289195,7.13576710152942,8.31187681324878,7.15454877499122,7.05480767694062,8.10720184162455,5.68734731659599,7.42707190648528,6.76161002770299,7.84006189052457,7.47853926604192,6.98848423440353,7.7491669988113,6.62660642493949,6.903099452663,8.36064912256875,6.58333164311799
"Patient_4",6.98715239199524,6.78549671297342,7.76798538513351,7.35086923592084,6.50451886503951,8.09317374981875,7.37283831064676,7.87381740004149,7.18157714776201,6.69478636095251,6.30537427404925,6.35099504528617,6.27872680284279,6.82352292771757,7.40316491471802,8.25928095006048,7.6666278837866,7.41974723896751,7.96655734237,6.43537332125927,7.79094779539949,7.98744286586048,5.66979221699224,7.51479034225925,6.55047373181171,7.8389138770981,7.6877760278763,6.97335172828932,6.20298646316541,7.14130029127894,6.67804929842869,7.00071565359381,6.66230688914823,8.12051275355432,7.12941806879331
"Patient_5",6.04432150297238,7.59425964238396,7.77829478506892,7.68062204499764,6.34256394184589,7.75371387372626,6.86331027674052,8.0282608845938,6.24606586388771,8.08080363444429,6.74657816229735,5.52579716949066,5.45032829582196,6.92627151116419,7.14088930465558,7.23740871053025,7.99782770124828,7.09303594367167,6.10454833326322,7.22359343511772,7.34772398446653,7.82110143572388,6.50824622164582,7.87075304026949,7.16960230737808,8.31319464954779,7.25701310052171,7.40104753696657,7.6593256059799,6.82207245077651,7.06720045536008,6.25564237933326,8.1133704114758,7.72527947619927,6.56145371085435
"Patient_6",6.10245308242214,7.33702491630805,7.65756024391654,6.90620262164872,6.7494784017748,7.75551146934447,8.00129982721874,8.1052587634591,5.70603450182713,7.27916001397738,7.29597041203795,6.17029385307096,5.98265300602827,6.55817215308316,6.43531616278692,7.01648858845793,7.61060236563943,7.15407514477081,7.13010323548916,7.72231497459351,7.42247506457587,7.69327488042031,6.68163391606201,7.85209427344665,6.59490560824865,6.92536200163759,6.19061904797578,8.22891790387364,7.65212041395309,6.76157290237134,6.7606438089472,6.93281176693164,6.39868648263739,7.7434526348897,6.95242870923484
"Patient_7",6.60220814965494,6.78175838371068,8.10455812126078,7.5757572467518,6.78190391544352,7.76649122371368,7.97771486298135,8.05660857133413,6.63368677509056,8.27474925260669,7.6774751324939,6.17005229139119,5.74322585242524,7.16215755379307,6.40529716967193,7.37700827711175,6.97353780088477,7.616407921768,7.43512505896228,7.10025203858355,8.3939658705785,8.19866606742093,7.1880898425647,7.48587772656,7.44769373260212,7.83958972967319,7.52745658005682,8.40863042608136,7.51182766115637,7.29995142748322,7.17381474895235,5.72070097686068,6.75590454947256,7.24241410746625,7.42879266735659
"Patient_8",6.46033452443325,7.04417351642549,7.55308624814821,7.71558849955612,7.30066912093305,7.90537787162952,7.35788474983743,8.11799128837585,7.29682228731081,7.56933419896026,6.11328029332166,6.14427044605573,6.50105645116828,6.50193711122292,6.40289035102721,6.80714832283401,7.74669910401567,6.89427456969273,6.7469828127358,7.92174299091664,7.49223287574834,7.25720873312419,7.13782299759467,6.83411164365151,6.98469293723142,7.56159552511188,7.19428906743909,8.52771586299586,7.63010758059483,7.48931614188624,6.87162614761436,6.98631857239804,7.26714666210825,8.37205776,7.15273156059212
"Patient_9",6.89604983132538,6.00588394417853,7.01058195370191,7.23087629077537,6.81247798645531,8.323523185539,7.06983082798677,7.78765558285448,6.50601488472755,8.02703353981935,7.32313865168692,6.53178028768186,5.92937640249928,7.10233405564969,5.80677643939602,6.67668292754115,8.33663156613575,7.88482764302973,7.35238995660974,6.66870153112239,7.72371711462569,7.59700718403408,6.40934983329231,7.56718880770936,6.66864962559865,7.01131542334635,8.10618593603387,7.72315341368543,6.96126592130182,7.24474844308949,7.49700125401183,6.25071658213742,6.58161266715832,7.15536612389337,7.23688781588493
"Patient_10",6.78158905775788,6.46177254425776,7.0260300806863,7.36891235419458,6.34694982749261,7.74712252075732,6.84322985059827,7.14497901213258,7.25238134586744,8.36376406082808,7.06804725673265,5.6067647421592,6.36459614380658,6.14208404310538,5.49740154326887,6.67659434136142,6.94270497136546,6.44495329155293,6.96239014021807,7.78266910151069,6.69019688341977,7.23499522068931,7.2523621164781,7.91802913418383,6.71225381521533,7.61745607842077,6.04620627638595,7.86033528871382,6.96977067877738,6.49769081551177,7.91903601972333,6.71892239180507,6.7511287763235,8.7841940746757,6.90393335409171
"Patient_11",6.49424436490324,6.17835344584924,6.92500015981082,7.67500521103692,7.23629105459948,7.30578882669163,6.93793634033137,7.77757722066306,6.59474476584103,8.31656049122539,7.03188866767013,5.8943339926927,6.67367630365862,6.63522323455593,6.54296733752315,7.48582968014183,7.03119943371264,7.24687080723851,8.14383081565394,7.22757420051019,7.27430612092049,8.68534540045476,6.61583195888917,8.16183983381661,6.64570917147488,7.69096916701073,6.49346548195027,7.51101109418447,7.29338273245556,6.58499581692456,7.66187263024441,6.24701299694592,7.19903057551825,7.89388087747898,8.3351060865828
"Patient_12",5.97538886369191,6.99077821707367,8.34911032228058,7.43662047651099,6.843990405265,7.36213321326629,6.99114365914921,8.03150672080422,7.15154137649573,7.34731182470571,6.76475169032344,6.00619274915342,5.81504410828402,6.12901390174517,5.5680726107312,7.56006131101837,8.03741949605323,7.35591542509779,6.59547573128227,7.5968867720942,8.13414542121849,7.6779110513593,7.01125493844737,7.64437003738938,6.32501298922478,8.0815195485303,6.60336101319211,7.20065281225164,6.75591094623409,7.43174405081405,6.95696859297442,7.02856533959631,6.43870557927761,8.34747629357322,5.85716315957555
"Patient_13",6.17509247616102,7.12435130434541,8.20369206467985,8.27873246105608,6.41692133817018,8.11784128087443,7.29682432228871,8.11897322371419,6.86542726415307,7.88245641843267,7.42577082393446,6.3496391047896,5.50462910012885,6.41183477554614,6.17436619478085,6.94298353814683,7.46166483717267,7.38249606906595,7.57977824357932,6.67342714225045,7.85137262427581,6.70525091408771,5.99708711985579,7.26259293161721,6.63965734813211,7.86742673213236,6.99301875473187,7.87547917332953,7.01862884218904,7.15658355372837,6.34569515564552,6.75321521775517,7.47047468572527,7.73084577797572,6.57817387525047
"Patient_14",6.78070330830924,6.99282161768886,8.26678922539379,7.33622857141084,7.38450166153113,7.12137380373055,7.4076282262121,8.47246884052367,6.57556726582872,7.30541887136726,7.77555748746905,5.69368015730306,5.62447447153875,6.71076477584591,7.44053157776806,6.71811996766582,7.15252785329662,7.74383272905613,6.62217317000243,7.52635346763838,7.28262196122923,7.76694026311484,7.5379404400469,7.45157320522129,6.60416568727528,7.01141887680174,7.927530448586,7.49998088585411,6.3131462821128,6.12802107027269,7.64033748787052,6.14158535946805,6.91619232758162,7.1521970786451,6.96227744493521
"Patient_15",6.35347323296679,6.87525552625602,7.82717195882579,8.00604054489029,6.13822737668982,7.90552997487688,8.39091849077519,7.95708143296021,6.78229834821246,7.69244898595491,7.70389239827499,6.82728634862194,5.48551526965954,5.99407138015262,6.03460248239988,7.08351005056646,8.71806088929446,7.1654564307093,7.64448345487837,7.81614695431897,8.48594992721023,8.11323343968998,7.97043802571345,8.28018626623414,6.85753480344582,7.71182860879299,6.70836104779359,8.03816780408839,7.43640371098946,6.74969303119777,7.44978262546298,7.05309824591889,7.27390563727058,7.2564309520464,6.03490116129075
"Patient_16",6.31377302139042,7.19410802046828,8.21655595922418,7.32993079071978,6.76897025578126,8.32471957818202,8.49985249904115,8.63879489434695,6.95314723049934,8.14215126601643,6.88557133005161,6.1660294132761,6.25049633986745,8.0180620526321,7.07804325612999,7.06058727683426,7.79973642387526,8.23282446950047,7.27311222235839,7.47708172396968,8.22391391179981,6.55382218803648,6.55609141340562,7.52669602725074,6.97245920141597,8.33812831719317,7.83448163875186,8.57861602957646,7.35276132339374,6.97097242805055,7.11662925547113,7.02987124616966,7.26286528049776,7.52786311348382,7.7289579338513
"Patient_17",5.92106657433188,6.33734586317243,8.06359326330678,6.95338346716849,5.88270927168903,7.83589254684362,7.32620346730637,8.15855579988779,7.01371029117546,7.81139122918444,7.46554319309774,6.49164611194107,5.2288865583273,6.56169904930324,5.26131226880186,6.52819416940532,7.35608657926995,7.52931458262478,7.7306850865336,6.98352629422854,8.24318100654941,7.30594853897984,7.09736080451782,8.08904876109512,6.71601212455784,7.86797289553494,7.30116576887147,7.7110128145193,6.92060884635475,6.80771491531177,6.52327544734531,6.81928169102188,8.01303962708614,8.06832157568876,6.15853393959657
"Patient_18",6.5589574517803,6.93814774955885,8.81345317649819,7.76885288665796,6.92111067911696,7.16574387810643,7.53271427321697,7.45378123979642,6.45586110880782,8.47094699604621,7.43564490724109,6.44629840446335,6.17274948435038,6.65533803607399,5.63166502330774,7.19656444262267,7.7327375793109,6.7778769421635,7.04937075397496,6.8945860868295,8.82089978761316,7.32369469650231,6.62426020031849,7.30692843552278,6.70971789791542,7.84201635695243,6.97749972820675,6.77102488545117,7.96728416083923,6.63878380097605,6.87511172466267,7.46435345884361,5.99155001649055,7.13394513257475,7.45817618351125
"Patient_19",6.51559747424696,6.87550892330176,7.34237630294401,7.21047958589094,7.18768741361213,8.16228763806865,7.58214123605365,8.41907039024647,6.28826475535311,7.73178379247121,6.62373950682939,6.03161818235866,6.2630840679149,6.50964878529722,5.27852538640735,7.03502651510199,6.36165536014929,8.49103133504126,7.64038385013647,7.45465539901926,8.94716636966216,8.71639622495353,6.05977620256425,6.97424540493216,6.27479535573478,8.60583251572153,7.67837575214476,7.79960404376188,7.35988206643745,6.98198593129016,6.38704067923,7.42047119992356,6.47741041291844,8.44823471963217,6.74115976242441
"Patient_20",6.01836469333151,6.66604204955869,7.29887019236301,7.84540386384752,6.72878414651515,8.10498218838554,7.24750779038437,8.32872471799672,6.74565044680941,7.57684246916964,7.53513707544656,5.97272977277092,5.81784481372026,6.56459038042912,5.63677205057784,6.61678428070237,7.33775551538583,6.866274892737,7.19398824017345,7.09803703981707,7.65911885057878,7.42863335460919,6.83140526121434,7.07662478208532,6.57706333248277,8.31043914313532,7.44985535527067,7.71788965524444,6.6415241367623,6.97137846447012,8.17893970389558,6.61005981908307,6.33398163889961,7.94494024729446,6.50266466739288
"Patient_21",6.71473959100719,7.51177545835236,7.21938137859297,6.69133933975787,6.83538002210778,7.6432789728675,7.60643640269268,7.74814904984729,6.34927635462997,8.51799889537793,7.37818322263175,6.23331321034703,5.86431904388424,6.83403760299521,5.40454273927898,6.82462220328886,7.67020451397116,7.14377926280155,8.7127220014936,6.97452215982398,8.046760399264,7.43012200235053,7.12342661218053,8.05182767141003,7.36128884515317,7.65434804052744,6.56777674820754,7.13389347995673,6.82925179099692,6.81349435725163,7.47847622668751,7.07551798521417,6.82048152739916,8.14440270055026,7.09381399910778
"Patient_22",6.75709808318322,7.07636704896758,8.69986644945314,7.2546976043033,6.2508721408944,7.44722941869697,7.70547414511769,8.18663265965908,6.63058430254128,8.12637420191979,6.52493975959997,6.2911112232462,6.35687379120891,7.04313628207941,6.48567434159695,7.3540709404783,8.06664212825799,6.70246295937938,6.63857194070763,7.15770767393294,9.12480758386007,7.75517671613167,6.50850778584925,7.24285350708806,8.06097019874445,7.90715675758398,7.5731162696679,8.59905967647958,6.50190953333132,7.40087028355349,7.1421674417452,7.52076882921847,8.10384069256378,7.65724060015271,6.68432132482176
"Patient_23",6.25254362432788,6.09751168140338,8.01349249876053,7.06703854018683,4.88816296100287,8.75173250125465,7.24052634266553,7.63177993416615,6.86085802427307,7.19720654792551,7.4070978097825,5.97885020461667,6.1012387491613,6.73877326419944,6.65736291566395,6.80259294295444,7.32810916775066,7.72205770500608,7.05648412604223,6.77588342297662,7.20702977649111,7.77045902799442,6.28103781137023,7.93909776525337,6.20443682816572,7.18068027896431,7.85722257233977,8.01616332877937,7.24502856442395,6.78185434282795,7.37028062920635,5.83180857730965,7.78846943019427,7.50142336677196,5.94613498414674
"Patient_24",7.86279392612308,6.72198048799573,8.75331629058741,8.1952875121228,7.1554717065119,6.72556629613814,7.42205477117353,6.86323072080777,6.96910063443048,7.85505806685498,7.91316620437514,5.91162037778523,5.72390122017262,7.18726036770573,6.60845410808386,7.55028121855853,8.16784852691148,7.46647417279301,7.4398482853456,6.97989762521219,7.27808295663631,8.2376610782256,7.1588922599429,8.75072528965256,6.89741731437649,8.3890575492769,7.30712477226138,7.98984717540059,7.34771891289181,6.08757084677572,7.60152010882152,6.67675688680731,7.13150521633545,8.51173501930193,7.56417318731828
"Patient_25",6.98694546650368,6.09908241212915,8.01418118279387,7.64904351561299,7.12645695812267,8.20025557649567,7.90537412806551,8.30573285734162,6.67030276572324,7.44354844625495,7.37410778911876,6.30662002036762,6.00730091755096,6.43264387683325,6.54102793294027,7.06009319826859,7.7410763094522,7.59034703668217,7.65872414597933,7.08936417584888,8.22280685272831,7.83541080958665,7.25351057007086,7.61411832363105,6.54458496236323,7.50028176336624,7.81045212592916,7.32283679234959,6.29278138762685,6.6319596160389,7.24470790173755,6.99433099721196,7.24258187861139,8.4379564361964,7.98104563398259
"Patient_26",7.19730602794597,7.10292006931815,8.17313247775646,7.3490959374855,5.9347738771744,8.10568803945876,6.64141737561004,6.63189613541813,6.7536573678551,8.30478593644811,8.61596470871351,6.91387334753636,5.74253383657648,6.32720432084737,5.99769819847303,6.40107715969164,7.82255184699433,8.33861441327145,7.08363102981776,6.68231618193747,7.62367035636974,7.29550476723638,7.83573217117754,7.17082433883219,7.23924955979502,7.68637437715138,8.20763505400663,7.3123559387132,7.06105014199499,7.1903512514987,7.77144479304014,7.37535933338239,7.24909701459891,8.38066900674585,6.7955510798005
"Patient_27",6.25890309737723,6.83111792590149,7.98627913494769,7.79487760207211,6.01143976659881,7.80959211916201,6.31217025607656,7.54409787686906,7.54996746765069,8.08737674742365,7.84734744779588,5.79103783742454,6.42514811090447,6.93156216723205,6.1738745144733,7.58427748294426,8.07472881559874,8.02570420170706,6.69524805031874,7.29094511057344,8.23553248199169,6.60226268626164,6.79381193002057,7.3055825756444,5.93213668578245,7.47098915109375,6.89823358971541,7.78424106859329,7.3640882675588,7.42566690770092,7.6212196162088,7.58025558296353,6.54863183528148,7.70126948859627,7.38703449231358
"Patient_28",6.63586259396922,6.8491560167877,7.78197431297365,7.33336964672081,5.4665429114018,7.98316332589181,7.45612071808306,7.95852411554292,7.05425975769609,8.03668983906387,6.78109325060417,6.34991428568579,5.79498226786635,6.40944708084057,6.28241672572164,7.86588636366119,8.01105764707724,7.3788726708258,7.25265015863054,7.1676059434458,7.78149912904977,7.12142736375465,6.74596097146955,6.94153531604191,6.69086834199038,7.74349801028015,6.92348087758508,8.1040056114769,7.14108589615494,6.91034399854056,7.3129562923173,6.08480884577559,7.32688954836408,7.65315017115188,6.84443983398994
"Patient_29",6.82073932925574,6.43772896218027,7.391274651897,7.75151653511145,7.08496526137996,7.70609745371962,6.76909202177948,7.28249567678463,6.9275323278429,8.11017050540712,8.48929287341836,5.95670546553501,6.39898943633161,5.98384739069294,6.58885202806544,7.06162955845599,7.57737978457919,7.93291339664112,7.13958709928731,6.23223211406702,8.16941513136858,8.0812388558265,7.24546780907191,6.77787520012851,6.75784727518454,7.26874575223631,8.00859387063739,7.33994095780919,7.46458396549516,7.03163284562066,6.92951278173558,6.98273246858664,7.0228301086818,8.03384653629204,7.22981690931964
"Patient_30",6.67768601446818,7.04791437014808,7.94332687236894,7.32231153289555,6.23214347756321,7.84822636294763,6.36203092914629,8.25065298932893,6.71407546176053,7.99389021367321,7.34847396874739,5.62866259855837,5.98485036832359,6.5864938873278,7.02177771029435,7.45388230678514,6.85784939750497,7.61486724390273,6.46341620243855,6.9985289299638,7.97751563008013,7.11788240191206,7.00542706309121,6.71505258933038,7.14628543354682,7.92663862521262,7.18095088683638,6.96150013325793,6.4200516685685,6.68985040798785,7.62372218334588,7.29767631431559,7.37379180410425,8.09497090297801,7.77460770682696
"Patient_31",6.40815000373798,5.92191776949451,8.63572802372146,7.66088518026258,6.45630685138654,6.98899569265052,7.60457836277199,8.37105706194355,6.88342410795958,7.74704185940759,6.76198976533301,7.14758697216399,6.49162520049182,6.545286812696,6.54091806878409,7.54414787854067,7.12878011957104,7.45759254662864,6.83524921977079,5.88507169570365,7.65247351101501,7.40783810902978,6.19529851802574,6.45069550766313,6.3656586187665,7.48302292816728,6.8526066249947,7.3608355692793,7.33895191125233,7.65449403941316,6.53107623554917,6.83453763585736,7.24880895995424,7.87600889203711,7.56278654040435
"Patient_32",6.57004353183688,6.2223739648661,8.77149323600373,7.9565610198616,7.22480617390163,7.98624252824246,8.19641556844362,7.88894426011468,6.2852108045334,7.69365741376141,7.76809902520667,6.860334175814,6.66095516747013,6.21775405566424,6.01558864043338,7.37035882900714,8.59538182427174,7.17086664808407,8.06240232904648,7.92775575463059,7.87053124817874,7.71516457962419,7.5056480825328,7.2838244213744,6.32574285588945,7.98561737972726,7.24814875852792,8.74134160542116,7.56775906450453,6.51150840307388,6.54910013096883,7.37641818307214,7.83435162471721,7.8584676988846,6.4431537340169
"Patient_33",6.56328708885175,6.14159952169975,7.19806507725866,8.0733732740207,6.53918167589453,7.25068371527984,7.81177252378039,7.13209698399613,6.08023238690571,7.82890709641471,7.40769984363009,6.47059589419436,5.98170187600209,6.62592908671741,5.75690774405361,7.7313302907607,7.16703510322929,7.88838429045307,7.73874361567482,6.35501007249936,7.98465730311249,7.08443499700297,6.58670997620016,7.41960658202745,5.69031963732717,7.62307097343197,6.71820464025894,6.92991470516106,7.63810353585067,7.05100047917094,7.23883476064108,6.13707783673648,5.58745796711757,7.33229124175673,6.55840775342701
"Patient_34",5.99490763718759,6.51644449533405,8.35799423690721,6.79862167117971,7.12600679693907,7.87360046211427,7.84091459730597,8.3695113265233,6.69492426768199,7.9213726449151,7.1621763351426,7.17425043756379,6.01609625082372,7.15937133874963,7.11764881652568,6.5242040003177,7.44718388191494,7.55480926374435,7.5808999698966,7.01490153697191,8.66442917239478,7.80828528188492,6.4969783391013,8.06094943447038,7.44643457282254,8.19643018132252,7.08517179354727,7.97460454206225,6.98917795293515,6.33717766098608,7.39238128377033,6.45089623260245,8.11952159052298,9.05154945593891,6.22636494273823
"Patient_35",7.20729469968824,7.15823167389479,7.41953719782581,8.18692844447303,6.78158030251446,7.74874667422805,7.51485479600439,7.58951432354767,6.66635053056416,8.34797013944033,7.46328533895103,6.08355328654865,6.53168477455674,5.79198730213729,5.77168937826852,7.99426541860465,7.43669578558813,7.51094773690926,7.45620037184577,6.78166755341314,8.70918174514747,7.51743916013423,6.79587517809499,7.65450606310887,6.67857000241581,7.44589156674758,7.09862255571571,8.22649389393134,6.85919272487837,7.42996415925003,7.37835081485913,6.62149249108664,7.1806019284389,8.5888762341503,7.04929340958144
"Patient_36",6.95316193444426,6.31489837228531,7.02893168133582,7.58355665216943,6.635866754433,8.1666179506785,7.14155556658684,7.2942061353765,7.21161641530427,7.8167193552809,7.44085975912897,6.19802234926269,6.04989314871301,6.72633383224729,7.13961960283578,7.33094990812037,7.92353357006883,7.39990239250818,7.45376956778259,7.04344473886191,7.74120029470714,8.24274615532582,7.10078642174745,7.15154253036064,7.04502609293107,7.86611802094764,7.04294118477212,7.20777107330828,6.62996863975994,6.71354050090265,6.75788896763807,6.96989521509215,7.47703454201231,7.90636525331441,7.45632746750582
"Patient_37",6.85160905032101,6.86503098833272,7.48840087461849,7.20469067048783,6.66881354628239,7.47894678217699,7.33049707334464,7.68863195615535,6.82592769449342,7.91874361394559,7.59998892664257,6.54733380877078,5.04170209416028,6.97772827652573,5.9704660515303,6.89720671598467,6.97323851909041,6.93123135759315,7.45844750536222,6.70964218896182,7.84826154255683,7.18681324535997,6.31736914524644,7.16261124022214,6.23609825908482,8.28158278072497,8.08888309808356,7.46270746398266,7.14967513664828,6.40150238042013,7.04245352433639,6.17301010859804,6.87826250022751,7.71332364876972,5.90827755758027
"Patient_38",6.38295731383401,7.52399239781945,8.37697757547514,6.7915967167667,6.51739799966755,7.44897816825288,8.14875983411676,8.5571535419206,6.18099128853876,7.44370458838786,6.76022091836376,6.86287545581151,5.1754063934235,6.57184499529007,6.14386939084774,7.24668701461483,7.41560434808877,7.44489572881787,7.30928730069066,6.57215179113644,8.23611436624829,8.52201413521227,6.3585300143815,7.67526945710417,6.63318114614202,8.00410317276089,6.48126729894089,8.44733638190077,7.83899052171046,6.54120229475131,7.22480508856658,7.46776750646902,6.47194934413101,7.38186940163585,6.97945393207072
"Patient_39",6.84212126402372,7.30067864318451,7.26145662045178,6.42031016011361,6.58407316337733,7.16186968936223,7.87621845872296,7.89136505940517,6.48171753637989,8.3159957065465,7.37379336105122,6.92044196299545,5.74045398756444,6.5999480594889,6.16967762882031,7.76865789574442,7.15926544214591,7.85900840262098,6.19131728792198,6.97928639565883,7.46400134661634,7.60688206658305,5.90866054341393,7.28692118864971,6.94467929106412,7.73610760640352,6.13152608874066,7.45416229832512,6.86816525618402,7.25117854342574,7.47424014094534,6.96992853078339,8.11008732990966,7.94942800590762,6.72732089953883
"Patient_40",7.09797378758735,6.71967288966374,8.71702477166698,7.94900587288578,6.65352952131888,7.33081602972045,7.24966949845912,7.95253092276728,6.44774496363673,8.22564958407951,7.13235309021535,7.0304714714057,5.77521846487078,5.63479409119341,5.45032315821981,6.35312474478794,7.10652153509956,6.90567423978116,7.24877757034936,7.09419677052175,7.82670292262176,7.60292426066282,6.8692748942346,7.33698560065011,7.75569149040196,7.70702396733224,6.83445191493107,7.47338878258217,5.70683344532405,7.11800042920076,7.39661194286203,6.76362534987916,7.22849496348128,8.17296048399707,6.96749682930235
"Patient_41",6.97108887802858,6.11451999633095,8.01998726610657,7.17943882422934,5.74666075049975,6.79414964019283,6.66221370747027,8.35136898047129,6.19047337933437,8.18107436613429,7.95051948660696,6.61113683924071,6.05610836208621,6.26482378490711,6.15840871932933,6.90828768318291,7.17826385023588,7.61855486734388,7.92184129572045,6.44181233538044,7.65106541088128,6.59839046241315,7.44433421518545,6.92861507602287,6.39930106176016,7.58781647805134,7.32013661810613,7.786237218697,6.85156321814593,6.64835322073315,7.97229341798804,5.87324429623031,7.33825793415734,8.06847663534837,5.9696350264748
"Patient_42",5.98260820514367,6.79675271695028,8.23328895868973,7.36361040515709,7.28891763925527,8.40021871431406,7.56969189073516,8.84413958397043,6.4814057883617,7.84231115795652,7.26963859060981,5.28250091443119,6.37092974808529,6.46873086145656,6.29547083422121,6.98970154173013,7.67560089215544,6.82130490498989,6.5153839602064,6.80875552573144,7.76868150967666,8.29306713564858,7.47138914912328,7.86634632220191,6.56245721915348,8.08281743718787,7.31118322926752,7.83272872919708,7.56805884883766,8.10688858447061,6.74910349404974,6.864248905457,7.62064456870238,8.64666942027764,7.16357145239231
"Patient_43",6.7682571644666,7.07438140350484,7.59516553745868,7.81568490521245,6.24591005719402,7.52525018304736,7.35490316263919,8.03356758399267,6.40648724116915,8.21783339932301,7.40673262577359,7.11092529831639,5.98526226190683,6.31085877933079,6.62212782808271,7.00353261942954,7.49859628111693,7.42129423717526,7.98920084180991,6.0901769799964,8.27170098985063,7.45449335933743,6.38381680808758,7.2253328705169,6.80001059226166,7.77984941437922,7.25418807547012,7.56665441273441,7.80348405609785,6.77504896877782,7.30827575742198,7.09092272707692,7.43250366437192,7.07556723804547,6.92162571809372
"Patient_44",6.61180249761113,7.2638627471364,8.09202146480076,6.43061766491788,6.41897154039773,8.33053231246187,6.60866127656498,8.32074879721266,6.2404841358187,7.24092091324933,6.76782029645307,5.84512436385449,6.60819603658083,6.6248830979806,6.25647172330828,6.96661190463322,8.06579868651113,8.29419496307852,7.38116146080307,6.86932561562041,8.58759939224749,8.01643639216265,6.53269173641879,7.81406768314604,7.57648677065978,8.04725688568825,7.78357142358157,8.05861761809894,6.73560688360475,7.29637775367916,7.32197699214158,6.17691992238141,7.44596586683709,8.34510282666337,6.49802974805531
"Patient_45",6.00026034499892,6.77793325927338,7.3884460633823,7.19982804343844,6.42820271134159,8.95030325147022,7.53812347322394,7.83718909444778,6.87250029264877,7.37804313137207,7.90897054928589,5.64801557149862,5.79160488400626,7.14122456569482,6.12705997460198,6.84369419598836,7.63926029814561,7.06846897567419,6.08657063548308,6.94389087649658,7.49074154783863,7.83952882457398,7.03261804790156,7.32923958305258,7.45616716175762,8.1148606147488,7.849245629562,7.87037486813864,6.49253829994505,5.99198480597579,7.41252184495003,6.57029993216289,7.36834345892219,7.89392967917459,7.16231066020098
"Patient_46",6.76505032506474,6.39301400725489,8.23814033621857,6.76867585850133,7.18950235393331,8.51129035575503,8.00332995056657,8.08005112274427,6.97104624806307,7.16632397144585,7.56914719465994,5.98192146717051,6.32472130594038,6.7304099526198,6.00270225825613,6.52021024612745,8.70093370290218,7.810325734717,6.7834851095191,7.15322692450275,7.68701525192474,7.12446135020376,6.23920452593329,7.81026099920401,6.60657145322396,8.16948695695197,7.66066613733394,6.99935273840405,6.49092142199306,6.63485860020401,7.38107292829056,7.02930762322584,7.1764393107327,8.5480427676555,5.74155241448383
"Patient_47",6.18364363935605,6.39310156579513,8.07247768873212,7.23778625380559,6.24033930453029,7.48275453150964,7.21401139662373,8.50275534429227,7.21337945585591,7.54554255504165,7.09698707488917,6.26918061235129,6.87870715387769,6.8340820569792,6.82054277370905,8.27616174311142,7.37899240266501,7.52072247283555,7.79883658080747,7.81939306440971,8.77921963915646,7.49758965468196,6.94233353987035,7.9771545001181,6.62326759149857,7.75514826634865,7.92148925076518,7.77112641016666,7.63648638057039,8.05629254624548,6.07828655327614,6.59805795535924,7.21040884844709,8.86505574783037,6.8554227358509
"Patient_48",5.92811789886839,6.80385979392315,8.14298779325761,5.84099394613974,6.66985382726291,8.37673047091605,7.22747083911802,8.24868336941479,7.58948128280416,7.60196476255374,7.32449724586058,6.93002192566611,5.60157282593291,7.36901882877865,6.01580014856651,7.84288677405802,7.00503373835382,7.06288677998399,7.03124986039706,7.95539789599509,7.33971268552934,7.89891907487699,6.54922490474733,7.65006900632303,6.53908350546693,8.32336870192139,6.2126817945778,7.67988900019756,7.42958638202793,6.93575090927243,7.38211253732954,7.34765544983688,5.96582962403203,7.11648303377778,6.3141302452172
"Patient_49",6.96724311368694,7.16123049805581,6.85062843843119,7.18285542330525,7.36136358952421,8.26533519522722,7.63180594837032,7.32610382764739,6.48628324345187,7.67235986637546,6.75463342215811,6.79770856158097,4.91382554866277,6.90413162706045,6.41463529839317,7.26560081024069,6.98119287191672,7.29972620564269,7.19919376558479,8.25150605595918,7.96203982371759,8.34710087320802,6.03487530016511,7.99252602453992,6.49504932838657,8.26699045470126,7.46803186445858,8.3119172629552,6.96031109760794,7.36961667299563,7.07582506186101,7.32758858362976,6.86260434538213,7.21633220587799,7.14800292407829
"Patient_50",6.15138298428418,7.02674045227373,8.43803226241801,7.10773497639214,6.7094774272426,7.29972249606157,7.34582065108827,8.43359914383472,6.16225382432318,7.60773496078199,7.14324662874952,6.9217365270504,6.65697198316423,6.4633058952125,6.53383377073432,6.28987921544503,7.97732926943627,7.5776242040296,7.13263122890781,7.28637052386992,7.33137305896836,7.15073458743726,6.08339003317847,7.74327673156838,6.73399871312261,7.62840094796415,6.49860394076446,8.03970057947367,7.37867673272278,8.50423961161207,6.77129342910376,6.60776910960987,6.29615593608608,7.51573642298693,7.18630187326883
"Patient_51",6.86050588298499,6.71205891426787,7.68471003712417,6.75158974032369,6.38212533945151,8.1524879024919,7.68886670322096,7.90990796599225,6.58333497173325,7.65625788411042,7.49765547865196,6.71761733115138,5.90652711613115,7.02312549920148,5.94770035214111,6.82295970710333,7.66899999444001,7.74454346431899,7.86591434302114,7.45913436558943,7.69646355637644,8.54788083775593,7.00984616601621,7.13066513724132,7.23003421964207,7.02133056623224,7.04021863949051,6.80967024813619,6.68013330959305,6.66097531684083,7.02405393178928,7.00892751478308,6.89820917750638,7.91099911798827,7.14443361153277
"Patient_52",7.5036533450575,7.10052919080896,7.75427844064534,7.06424238080135,6.39346586378704,8.05729671630503,8.19506453200237,7.87187137561426,6.8843179069504,7.28478558314389,6.64467868433234,5.71286483324506,5.8280974350185,6.64607384879622,5.44369433153968,7.09735178613204,7.31818279952283,7.89298990807051,7.65023630278362,7.25263280439217,7.72027407914698,8.50343917474709,6.78845623884644,8.32122061116913,5.62515107205127,8.46415946853744,7.04568712727187,7.98918105297215,7.74567408762492,7.55853967023466,8.22101896996676,6.52677841430458,6.71477985998462,8.2284299924146,6.67982437894914
"Patient_53",7.06850722737703,6.37112849358021,8.41448600391996,7.78668920190539,6.5348422137005,7.74474803415318,6.91152140275759,8.03673370758714,6.59735789169859,8.84388003791531,6.51871442639411,6.62496735254111,5.81306065341561,6.21807168463826,6.78601685413782,6.03502521708752,6.92055455935982,8.17681472974939,7.06429011026559,7.16401678240259,8.54077846008895,7.53722283471605,6.78337405598903,7.57234812375044,6.64670067930654,8.49150605881616,7.01266044848739,8.27647922962621,8.03159838810372,6.48139330649032,6.92514397408596,6.73835060060375,7.2232151897353,7.96799113032825,7.07173241746955
"Patient_54",6.77628627319124,7.97989027258004,7.46609538516633,7.13517536252489,6.46343014036006,8.35750198871807,7.14789815746477,8.49916367023043,7.0488177678121,7.85173327997982,7.50905352640448,6.42197678805606,6.441547365946,7.19182740504266,6.32923681444721,6.88911085900414,7.89820511135034,7.28351280911851,6.70582488094183,6.502860905884,8.08921708878048,7.71896417666446,6.22577044747895,7.61099509090975,6.92612236553285,7.40331862150143,7.42570915097718,7.79911785798473,8.02916395479424,7.36117575506602,7.54955522330009,6.63383143613591,6.67912326674697,8.12468053917921,7.67566924749349
"Patient_55",6.12062757978114,6.17973682409308,7.16631443593372,7.09029521167294,6.72555928620714,7.88295614583413,6.8819286003914,7.71488279033509,6.93499552174709,7.69365108585029,7.33767988601655,6.77693600687805,6.27995963477878,6.90207622805475,6.61848227943313,7.3951940887983,7.55015562788828,7.3103486085107,7.02182893930202,8.10279891121624,7.90106684362126,7.56462182067415,6.40003195219103,6.81274648015104,6.60800225870625,7.55309520619235,7.27836175078478,7.59152560407542,6.8173781679151,6.46656626747731,7.23482129360195,6.52903197886559,5.97717591612745,8.45362323604783,6.68741130613333
"Patient_56",6.58310290154937,5.82137860378225,7.01631177694002,6.74240129577895,6.24548761897733,8.13226541704631,8.41266330717891,8.29167374383174,6.87312893886318,7.79071368710022,7.38901020517649,6.12349192108111,6.18151115999722,6.80271745328228,5.5292901149028,6.8919575298042,7.86088749990224,7.587590451071,7.16585122260856,6.76824984345802,7.78460387396897,7.2154104447256,7.05886337488243,7.50411043028944,5.77607317385627,7.36792691954471,7.50729907220333,7.32035947057926,7.31504791067489,6.99923216523561,7.93070838747207,6.95768211783771,8.02306485903135,8.18182779799175,6.31559830604164
"Patient_57",6.37524889818627,7.56964584706728,7.49745383469036,7.55812834919479,5.48668879911159,7.46498774554577,7.25377907700004,7.39175250017447,6.3850413074864,7.18516274116956,7.21949398641043,5.58587980934957,6.20275287800704,6.92366414205258,6.79235816669072,6.66573755903581,8.55831133235406,8.03564519638611,6.91448416696163,6.82393045731326,8.55253734711408,8.03364561439788,6.61999690093158,7.20673123972233,6.87620531605163,8.22984362944893,6.46130747408868,8.26008854942394,6.70077992021862,6.04278229491467,7.66027748502178,6.70169619702937,7.34978281013423,7.76651283251277,7.64602991898622
"Patient_58",6.74218807282032,7.14658099185765,7.37352060074108,7.02211959633346,7.41475847847326,7.85459210748607,7.28452292879869,8.23964860489513,7.31657010449108,8.08204281964365,6.77313267729097,6.22737475472479,6.16558962012706,6.92516868181617,5.67227243261569,7.21740127818623,7.61222942425847,7.44780457194223,7.43041044642516,7.03288989192387,8.71250396716617,7.85055235772101,6.33903005288809,8.02007193716813,6.75331026570456,7.94343930179007,8.15482049969117,8.0522472133536,7.14125907344864,6.86162231472061,6.82741151689357,7.71199382872399,6.82792623364995,6.47835275124619,6.14089580734468
"Patient_59",6.34707502789187,6.90451083995931,8.12607609025769,7.45685210423939,7.1952110879893,8.58289833647753,6.8748919315825,7.45808515024748,6.04902220079218,8.43988954345707,7.64503106380734,4.47672332291565,6.52606698771303,6.95634336646132,6.11950985513975,8.37923235292995,7.34094258585734,7.27255404160926,6.10840694022469,6.87116196953128,8.26540581691977,8.24285968975346,6.95189641493174,6.78456530329215,6.7635462491306,7.4995144588801,7.48732159697255,7.40060862068102,6.44271512214177,6.81324256308476,7.91541469721538,6.43060860202124,7.47924854616197,7.62413302151877,6.56291680605999
"Patient_60",5.39768137583724,5.93981528219364,7.41530115921047,7.6650329384424,6.034661675869,7.74571882240791,8.16978363480853,8.82388584915916,6.49117153505115,8.43338474498443,7.91417595449556,5.80767438329414,6.03717083609908,7.00988248932229,6.88148166305704,7.57249032089524,7.19592207369478,7.80534325484157,6.60078861807273,7.9175274651121,8.40625680131376,8.3812202669425,7.34117431991196,7.47977338391511,7.36887472795053,8.46132056118916,7.28416909236886,7.84996995732277,7.21041620312935,6.2743476165194,7.76144486350248,6.43520318334782,6.74738546554917,6.90130131182266,6.21228634331821
"Patient_61",6.40678089347133,7.27249576934696,8.12157247950718,7.07428234673434,6.11824317574919,8.26542390039414,7.27563746206601,7.21843072974162,6.92506313716655,8.87957514601675,6.5097617594824,6.85729685750632,6.01091677223912,6.23210653874795,5.29518112223882,6.76119705108672,7.39522710157315,7.95416409378615,7.41719380084935,8.0845588235894,8.11799253632014,8.24486810583384,6.45275247115756,7.63089573938898,6.06576494583167,6.89731942499262,6.53927514357766,7.87997511473451,7.16750686663085,6.31725907230454,7.49983010976012,6.94634296038217,6.49300515655854,8.17611899343901,7.04605970367781
"Patient_62",6.24598259962948,7.38752196775701,7.8319972206772,7.56541047079192,6.8865206090824,9.12497199081331,7.83002404276212,7.38904267590979,7.00378835925097,7.51156648235375,7.04914504134477,6.64106273081192,7.0804765220234,7.36109147129627,5.82940136279267,6.54552812753185,7.64539212966319,7.87017893230027,7.51189992027741,7.15152713819764,8.20577579609909,7.54670335167563,6.79971293055346,6.86448058051653,6.33033667676039,7.77567861595433,7.87446809433124,7.75306210752801,7.13204431795198,7.77432062809463,6.12623649033181,7.46202228061049,7.29296725184427,7.53928317795663,6.70575228562333
"Patient_63",6.21102402106801,7.30279860422346,7.2107634172645,6.35933558279826,6.47197466823545,7.53020178240538,7.26322976815048,7.41997308340516,6.80908937549167,7.79802372991029,6.90417735313806,6.63784646563456,6.71571577127134,5.93268303127763,6.63759512184136,7.22047858924806,7.22018165095513,7.49768118162158,6.63895953901609,7.27021328849287,8.40879504256572,7.97617197362459,6.27103323448666,8.14032040920337,6.78430710193981,8.4592983844607,6.55928339334143,7.83170136156546,7.01263437240176,7.51422119985242,7.39988267126455,6.23184795332233,6.88932882767065,7.11661413928728,6.8626106265562
"Patient_64",6.48152506014613,6.34024714053764,7.03146170596353,7.15449311634136,6.45197098428143,8.73969427034424,8.27257498632745,7.3278799427247,6.48874935576562,7.6443366492493,8.1846559931927,6.08232974871435,5.86661754879186,7.23545937055552,5.96378658389197,6.79727899358661,7.40687541940974,7.70339350336123,6.95017262945466,7.08009811276731,7.18726373636437,7.43332194282862,7.25229683601922,8.01319914626433,7.52282376232437,8.25203074856371,6.72108777859596,8.14899699976653,7.16044224885071,6.70142116921766,6.59074220514726,7.71919473670652,6.79074680383904,7.42779476790834,7.09222222369542
"Patient_65",5.99205247454314,6.36155488240157,7.7743238351797,7.36877490549048,6.81002930086427,7.3279631262699,7.43951437304008,8.25811370344679,5.8974319311044,8.24670939172043,6.66255032092091,7.40176100617124,6.6941237464367,5.44433368857556,7.04733128378768,7.16956952216454,8.0288019825188,7.07664981615263,6.88225179225914,7.61552108840634,7.59531403884775,7.35811399214874,6.84083893490073,7.27153213627182,6.60434462650587,7.35650367468088,7.03030656205524,6.88675419893563,6.94844716906503,7.16119030794824,7.12550710780838,7.28305398808453,6.8742009893228,7.54517851066631,7.62112559471416
"Patient_66",6.22928443785386,6.85676931194632,7.14693369764558,7.59989545962232,6.48506972448896,8.70987297009065,7.48148724203789,7.81490861492328,7.1199749784126,7.11928994590859,7.28133318324251,5.73028321385556,6.24702678305296,6.44645670277351,5.83273606681785,7.0131571202355,7.59181102366616,7.58637168419985,7.09025579608444,7.29014833308605,8.28646412671415,8.04718118334288,7.15727651059705,7.15491440829136,6.75163684660281,7.93626680187574,7.28411563484153,9.04344245610851,6.93914974314752,7.22583045732453,7.19806396286308,6.92184440669571,7.46191965351073,7.40572530376953,6.93329229638961
"Patient_67",6.94871348551412,7.21173647390039,7.45656644372306,7.57164344147174,6.83831908122839,7.81392846803945,7.92244477253139,7.58946767691156,6.91348214379368,7.13048000014655,7.51446219494655,5.81252259823032,4.72421601372986,6.67410543215961,6.41784809543955,7.12929878630655,7.95009487131697,7.99239558490752,7.68546043020072,6.76365453897412,7.72684889567395,6.53181658813087,7.68673503484343,6.80892613812063,6.54361331180213,8.05109897014603,7.63573899838207,7.86283152121742,7.67212312775817,6.78585952924138,6.58568962913912,6.83494617247051,8.25439040519949,7.37199012037042,7.06964750564201
"Patient_68",6.35843134545914,6.23167231063431,7.51507685872868,7.30956745059924,6.02797072424564,7.38942681632485,7.80789088239547,7.54292126597987,6.75188855971653,8.5461158501858,6.4363123603908,6.47014129100232,7.23402072664344,5.39706045995203,6.80816802975012,6.70192893302418,7.89276166015914,7.59628748516403,7.36385618119016,7.30655540559281,7.25339905572865,7.7903645175861,6.18427139661388,8.13662163753964,6.44360016004483,8.09229484982446,6.15722296957533,7.39779243171506,6.92152491979165,7.69616195453808,6.94983216671346,7.57400414440494,6.96369839500254,8.11003089333097,6.50860052618892
"Patient_69",6.49378563437237,7.33074682543474,7.49140007887319,7.92286115891167,6.46805338600381,7.94896235477968,7.70628479444095,7.66935248552378,5.80016276501944,7.33435955934049,7.48069242062738,5.95658140283761,5.8137455486408,6.79081177999415,6.27872126855566,7.0459089611627,7.57317076217546,6.77906495341671,7.63592051234002,6.82966835516714,7.62225027773403,7.59397673066632,7.19543659759031,6.99063832150244,6.56200941458299,8.55466664766591,6.5441521058504,7.83480478328448,7.06604971696928,7.35915861543402,6.64433568598485,6.83438407399516,7.42394831398805,7.78969125320972,6.77269561401868
"Patient_70",6.5002433974787,6.8379087863301,8.57687005445828,8.54112889425272,6.75582934389757,8.07882212219267,7.6809370849845,7.94573409836206,6.15216645341387,8.2015518443713,7.71888012018121,6.17850709310056,6.44450312435296,7.60728315483002,6.78323892800283,6.9449567512034,7.3247019762614,6.96071933053898,6.76889675121343,6.21749751469131,7.18665067743109,7.76822931656645,6.17934118561097,6.90979040353073,6.98534948784979,7.59457321322954,7.55154380729413,7.32443034281132,7.37298227877452,7.45147112149196,6.45725735858372,6.33019828126331,6.67565182910244,7.84181391592155,7.4259907161749
"Patient_71",6.12643790518132,7.24743637228573,8.09039996450178,8.10782065681858,6.32034981491931,7.59196408412801,7.40821480233571,8.25482893825301,6.36792919314312,8.14621783075654,7.72855363308353,6.3077250309538,5.7996288886953,6.66581973423209,6.35653138778653,6.60118336831723,7.38383639799507,6.8241172867714,7.17710850891619,6.42024132775676,7.04791210427208,8.24575468228771,6.4355808855502,6.82693581405273,7.36487288053382,7.27761458727927,7.98328493285516,7.62409072524735,7.50187984099921,6.58783408600828,6.51664256013085,7.23919783898315,7.39227390019151,8.12911362149908,7.9593470818258
"Patient_72",7.24122219321112,6.8396243677438,7.15682421779745,8.66080656553239,6.62410509856106,7.9824925175479,7.57067177043012,8.27710277620636,6.64872486816259,7.37742462396057,7.369050283456,6.77540793164215,4.92339404556748,6.97570756817181,6.2744141453088,7.0528333189059,7.53540845961631,7.30859748990397,6.9905853922981,6.73889285195949,7.53259610842832,7.53556084066191,6.81209353462011,7.68626027160464,7.39332560938641,7.8818481051566,6.83338143965476,8.87567577211852,7.01128819118408,7.39347029918806,7.27431698094823,5.83244469435479,7.15004720198204,6.69442440414374,6.94104546256263
"Patient_73",5.88990773133848,7.42847349410588,6.97113952471399,7.54959482200297,6.44400010257641,8.07959436142538,7.36111555597781,7.85874036631486,6.21575945996294,8.14475239465251,6.99673217933805,6.69628375476913,5.48609635967815,6.3638135804957,6.12035600693608,7.12716235308344,7.82659812835778,7.72935063087002,6.36628190149681,6.48179696556002,7.13169622526851,7.29805886464591,6.76540796671458,6.99570400773467,6.15637501771802,8.40837646228542,7.72036136223298,7.33426303769184,7.77991106222074,6.62837848409102,8.10301222673239,8.05279693605512,6.81123571729754,8.06381022498835,7.39754390651696
"Patient_74",6.7298108878391,6.00441097776229,6.65187228288916,7.12430650699088,7.31549514873644,7.45837972647574,7.4865218960595,8.52198231606701,6.04180216434147,8.00680531032429,6.87385669350682,6.13405756842464,6.46987088182072,7.71079203078592,6.63999701820777,6.51964753050904,7.60392063475597,7.33593499080073,7.12596961206141,6.92113158592563,8.32378435474957,7.84804463843019,7.05957070697712,7.91700114054709,7.54027363199727,7.89764689087614,7.61149428607498,7.07970250689418,7.22460258507406,6.48008849012977,7.88646840204616,6.57520079695852,7.01780862633749,8.21858148740517,7.01772331744035
"Patient_75",6.84601599690499,7.15505231408464,7.66130678220776,7.35847470204548,6.68632928128277,8.86441494109173,7.56720621659033,7.35118210239298,5.9472050151428,6.79324412148761,7.33363024886273,5.73581344702413,6.50939228820529,6.18211997714949,6.2393586047989,8.02186588947123,6.90892801872399,7.06839639933327,6.8447145274723,7.49707283671904,8.28687252270096,7.72910070436727,7.13651092874638,6.83636314035904,6.6386165034709,7.40344130410559,6.78351089308388,8.87902936451649,7.33393651459124,7.26877190566144,8.24163282353097,6.07357989471608,6.40402980424904,7.39335782571048,6.62582393212281
"Patient_76",6.04890448944539,6.89808098903921,7.45771428171078,7.72784623143807,7.97494366665534,7.61322161918006,7.85803314444849,8.04481112172953,6.18570149750856,7.6586220200744,7.67744285978936,6.59580406762645,5.75677472187586,7.75388900419252,6.05025461522608,7.38113491788431,8.13248388245698,7.62471981554474,7.75786626706063,7.34417600049108,8.73358671176323,7.19414978306872,5.26474583819055,7.67915658022222,6.37541669503711,6.69429256021699,7.96850927189061,7.45431595772002,6.03003988965476,6.14452254233319,6.43554912783509,6.79650717803242,7.19662909859679,7.83833322734617,7.05235548888544
"Patient_77",6.58350330741976,7.22359195568203,7.37112409750435,7.61395127311926,6.85284944599978,7.43590230495642,8.5864298259535,7.86565834773787,6.42607913318106,7.48165992282333,7.48640327712717,5.40518513216431,6.20564657779108,6.78211643912838,6.36778572772978,6.59582554573342,7.43944394679499,7.61498086398973,6.47117590866184,8.10186979863383,8.47817791552404,7.12236729845529,7.12629861093761,7.82866747266632,7.37688822339364,8.76147807751788,8.53426460988241,7.2964318238573,7.47218638013963,6.9931309067023,7.16559655829534,7.24083204240427,7.18208580014478,7.91466416132226,6.65842579616928
"Patient_78",7.44696058240776,6.19552112475969,7.96239677717057,7.15878903299515,7.56391586793249,7.44229507125551,6.30634199914105,8.17996148369646,6.35332263976058,7.59856087507725,7.54015121843906,6.7913018085901,5.715673075766,6.64963379048967,6.02702235382858,7.70083147654352,7.25828206392638,7.23964532165196,6.4663537363392,6.89274252926555,8.36134347454765,7.57114696269511,6.47254818279833,7.57131314693106,6.57238456298201,8.23501409591359,5.78432281694209,8.41031666294312,7.10631802752807,6.77325414308837,7.55177487693871,6.99679582281361,6.13071137477635,8.07068393495709,6.68045709075909
"Patient_79",7.32998526024939,6.14930244790241,7.64303955846156,6.99545331654297,6.67202563865715,7.64754483329194,7.63831793310394,7.92151316871833,6.97236108125712,7.91861419270203,7.45300750800181,5.78199393687254,5.64816068710395,6.40059263573296,5.87591408977013,7.24742010282396,7.186498896799,6.37619720551051,7.42788377143613,6.90129809670777,8.18261663505581,6.54155391807928,6.56392330998158,7.71514561812628,6.90390953565589,7.69376920003224,5.99177825931106,6.77642855243178,6.861359042057,7.67006773493381,7.03761796812508,7.30490670683165,7.05985441078768,8.31318429424891,6.8166287083337
"Patient_80",6.39260760680181,6.76858419716837,7.85591280394869,7.35670276350412,6.87843368434523,8.62942696378264,6.36286643384165,7.44472136004066,7.08135163661194,7.53977912820577,7.52511239990088,6.73119891402382,6.95189380751385,6.48528024923956,5.61067944050789,6.7616806847862,7.11512773626174,8.16695312833324,7.01788123903124,6.71951091221504,7.58461436083786,7.69754916316382,7.20909595957097,7.10198053126689,6.74690919938959,6.6437691883258,7.73263509809962,7.65338020562287,6.70448250950271,6.43872473927311,7.55047176982457,5.92922469098366,6.96975212734905,7.61066886342533,7.32076072726828
"Patient_81",6.78911120176631,5.9368990593514,7.21893630541411,6.84955113650244,6.70631552236233,8.34201963048642,7.06685141403626,8.12006051197957,7.44307702111398,8.66272446821809,6.62057087631447,7.11809984068443,5.18866097216335,6.91918013025708,6.49222057436564,7.22549526697941,7.51553001017547,6.8927518740814,6.72478868115058,7.01518526693058,7.6545692017062,6.83551377160655,5.97897809579937,8.02524484332106,6.08582061443873,8.27473394509415,7.09681609178129,7.53364498598478,6.68324058696412,7.0271957644477,7.51595657283098,6.22792123101932,7.28732592215604,7.31201244277623,7.97106936082955
"Patient_82",6.36312286116023,6.22492190146106,7.97948804309674,7.99005246230884,6.52739692053498,8.50470986202112,7.45157446936159,8.10234710951521,6.83981899268061,7.69003872588851,7.83155491433027,6.63994632703496,6.06640843358452,6.85797160804184,6.64713927072243,7.17415823459696,7.50320508349275,7.23471533705909,7.0931302358871,6.14643533934258,8.68927231807302,7.67834888601037,7.42809091888273,7.25907579588768,6.97501164429908,7.66714894656197,7.47792774960289,7.22530133414922,7.30955337899663,7.49689350930888,7.27064729610964,7.05299608696745,6.29446338564169,8.1224115849981,6.69845747986578
"Patient_83",6.36705220530882,6.96938936837566,7.05975706640519,7.24412189138304,6.58595168578211,8.29675811911194,8.39662766625642,8.48280969420947,6.83831117170237,8.16766768085675,7.80561916506803,6.78035288748868,6.04540572181577,7.2438772508489,6.01295617971161,8.09285482755747,7.51249208705962,6.9425467400341,6.8378837619576,7.01864814111475,8.16974075326669,8.0298395332113,7.93031449857204,6.70294684601093,7.70409990751089,7.95183013868941,7.08151370269917,6.4522588869925,6.42016465063931,7.51821786378005,7.18940182819615,6.87425287323521,7.48833387990287,7.19050794731306,7.3516723805255
"Patient_84",5.7055355470792,6.53727938527835,6.74113982061672,7.74038372143549,6.79661806896197,8.68148210285517,7.9904425278429,8.0838189209181,6.17946495813064,8.37155538434007,6.99705699410597,6.48375757060335,6.10970007454546,6.44087650563187,6.86358620564467,6.98367040716391,6.90195639451406,8.04879720563761,7.1061182037407,6.18730770696703,7.95753191281317,7.52593670666236,6.98947745478781,6.96236671143694,7.43656080326753,7.818995298413,8.23484874233072,7.71583133387023,7.37303533951512,7.64781299513819,7.48717761012107,6.40155137629583,6.04192556391312,8.65184529989914,6.50535957564849
"Patient_85",5.35238680066095,6.50801872995588,7.3881541779677,6.80762641035136,7.21547663532851,8.0479741302433,7.33510334502511,8.2264307885009,6.88956612932385,8.1220315004526,7.37099335555833,6.35049267460552,5.89175019502691,6.18648283573837,5.90406710924024,6.17147085051784,7.24289374706009,7.92645912306751,7.82700973371342,7.09917198350541,7.54222596953188,7.78580225693984,6.94562388417371,8.38672186523343,6.36622963868552,8.09793980763671,7.56573429345897,7.75637230150729,7.74876409515828,6.85776186409291,6.45253928473,5.84611859596086,6.13094500071824,7.75686718259652,7.14019917793403
"Patient_86",5.88265430784841,6.25575830502023,7.29037967307518,8.19994847637145,7.45540254782996,8.15601428895168,7.54983121967319,7.17783215794355,6.56246700983369,8.19687150793813,7.63076001888439,6.74511532074295,6.18818113117983,6.31864677425918,6.14418496529813,7.36034313104416,7.09736983139236,8.21615421829577,7.09447297353836,7.96502975215571,7.11062353610153,7.81911385236956,6.65418218869856,7.95585409532174,6.94397443616074,8.38443430375929,7.17378793396084,8.25573320484085,7.37061366815162,7.33900320950682,6.86085696628457,6.94261277569658,7.31550938736599,8.08497673003694,7.51361983531836
"Patient_87",5.95623670550032,6.06359580002979,7.26815848913197,8.52277975913231,6.58821081977151,7.38837652587627,8.08554827647878,8.40292429366853,6.00778921967338,7.45841493849305,7.69742298672406,6.1313984789624,7.50223651620704,6.96430910478593,6.03280362736776,6.62730964711325,7.12658997235679,7.30791061989869,7.39435383197933,7.74716687957529,7.04634596228643,6.58248684030979,6.27186308594369,7.00660821213239,6.31212253794235,7.63191228324648,6.98842221709195,7.49232720108922,7.03095327608962,7.48390386110178,6.37940765109785,6.78964716020731,7.85029489898076,7.52350593040953,7.16178365666257
"Patient_88",5.80635465536728,6.17732707719856,7.574069234198,6.90051017718099,6.35842743289853,8.12753076036265,8.10045730563774,8.80975810049437,6.72459561143358,8.08551083966119,7.11551437684041,6.36206796843436,6.43134454067447,6.18843826113594,6.81720954180644,7.83800938153998,7.67455918985806,6.39788224220267,7.4194621866713,7.44863073716763,7.57259080821201,7.70376752609166,5.80847829928533,7.93881485359531,6.86498376275437,7.61931841436604,6.79809320065647,8.36090742219565,7.57233915095837,7.70985657807486,6.34170081198257,6.57564715094939,6.88091200531355,7.03223079366894,6.98004338590815
"Patient_89",5.87321507829265,5.96850037745199,6.49488734972356,7.21817704323261,6.00024312005964,7.53136848779468,7.50777286780727,7.88336861865047,6.6992449202988,7.64601228378111,7.1872874623676,6.78485762150508,5.55553595922651,6.85061388452498,6.18234834449725,8.64274759943941,7.61669920748922,7.91224089640376,6.94039796286637,6.34300445840972,8.58902003611306,7.29187598235726,6.80911008746885,6.35153763002574,5.82785593113113,8.5765165132155,7.27508261639618,8.44539939362629,6.86578878096726,7.27666508997011,7.12555624908014,6.69901436687686,7.39381964144762,8.07412245336634,7.36252217601408
"Patient_90",6.38609228470387,5.89174240949482,7.05122575409651,7.10495956388667,6.71557330319728,8.27208218009388,7.41830181750036,7.83041403594233,6.6093472979554,8.67297023472257,7.05153804820781,6.145255432,5.99903309352663,6.98936770416427,6.41737559984851,6.51059363798457,8.19890271636577,7.20796344883366,8.00336174830763,8.11524682381,7.81091030792271,7.71895940732706,6.58744083002789,7.35863729738124,7.94493012134052,7.57658742288525,7.11090899044447,6.87708832056662,6.73270189411052,6.68349294465551,6.58658430311502,7.16835847656859,6.75626788810948,8.65713838142407,6.99811378040871
"Patient_91",5.67755943626001,6.67726146235353,8.0353834559919,8.31680652463209,7.23516920761345,8.35229281553766,7.79019311358207,8.01413419931017,6.64750830318506,7.48395197135415,7.47315299949653,6.5480841715778,5.53596152727041,5.11772753011784,6.32624284378926,7.1782142381358,7.65190015026795,7.58290184831409,7.75581712389116,7.2953186140422,8.90644045633221,7.82302069495563,6.68855249624154,7.29861739865089,7.509269089319,6.96139506997171,6.88928053459205,7.79647095252182,7.81513754464346,7.80356745912828,7.83520424626357,6.89565930818125,7.61064614108561,8.26917824362605,7.29831449725711
"Patient_92",6.39375285870902,5.82340099775517,7.01934899212623,7.40237299819204,7.26460776669958,6.94212340243687,8.03897962573575,8.35928936451671,6.26987434778425,7.67427018984176,6.74682907963898,5.92405291357898,6.95688204143918,6.54484994363959,6.2497206553843,7.39711864993254,7.29949770283713,6.80587256420412,7.53581962804299,6.48465158520095,8.09800356589905,7.25563081245707,7.27046879416717,7.36946636330017,7.69034345663978,8.06880920365294,7.35953229885666,7.89750820631958,7.15072264924055,6.49373753789448,7.44150699755526,6.15834041753627,6.01978265158721,7.18430356139463,7.4036718338336
"Patient_93",5.84198428224751,5.6949435520909,7.04764826768535,7.21503434618195,7.05811598808277,9.02848790717069,7.32993960837791,6.51336716785193,6.8064198314661,8.37871234735333,8.35600785407018,6.00200730159822,5.62228107033038,7.61940341778897,6.34790817830165,7.11948897396229,7.7308478800135,7.23936034439821,7.32962349658288,7.41115050428726,8.25977387287403,8.22300904899294,6.7071565875564,7.73001967499257,7.46625757600189,7.55559592091515,7.28152170995628,7.10426753983754,7.09754738650188,6.3097375440365,7.39883121339973,6.18161240194308,6.60354373558858,7.36367237392437,7.07072630205399
"Patient_94",6.03011133889288,6.08743694316927,7.28290651346224,7.99353162968508,6.85039702384083,6.92567034894076,8.53236326988631,8.06971667197247,6.23809814930868,8.54562728822686,7.3439235585865,7.03006644530338,6.60210851953513,5.44026175554417,6.35995625799281,7.77657544390107,7.63327192040487,7.42598229483448,6.77030697482395,6.76533419523489,8.25362931950679,7.39145117150401,7.08039553769037,7.18397239379668,6.98483137253272,7.67532048126084,7.5321791938323,7.69694972788532,7.82935736472721,7.33961331555942,7.79120030086014,6.4443937772182,7.14401391610794,7.94129064875428,7.02554310546353
"Patient_95",5.01052297856117,7.06319013582424,7.26627601800952,7.8364057334566,6.4537526272175,8.8500995416068,7.9533701970197,8.35707764854267,6.44100620872496,7.29350840386157,8.01409554169883,6.18095640557917,6.08029491972692,6.94695127614907,6.58695133159807,6.8125327132748,7.19186346199707,7.58703703768716,7.09237777432464,6.9004544302034,8.11316876669705,7.58224711770692,6.23062424120634,7.19934880828521,6.82158748317563,7.91423613618173,7.60635195041651,7.51164449578139,7.17689904968989,6.65249783290143,6.09828388664223,8.15219186417989,7.53055612832068,6.97723290588756,7.65799180347597
"Patient_96",6.18371266536733,6.1768434304722,7.82651374254366,6.58754585918012,6.75574329039376,6.97625371847525,7.47595062658431,8.20500656860866,6.60155684735483,8.20537134046487,7.30675967636117,6.38121486656697,6.37584588762919,6.34053071114007,5.63386527566272,6.79760346406621,6.23315579049425,7.28668566033839,7.00309938632999,7.44119938053213,7.86472832835907,7.80603687008826,6.17943413841347,7.72775514543454,6.6598498488834,7.92630375880772,6.58398225557598,7.78068788598566,8.38792222746937,7.23586080597041,7.27864556279034,6.82713645813978,7.04023046907472,8.45154284166275,7.54513898835156
"Patient_97",6.35460426858559,6.23677368017065,7.51578623970177,7.45194066829939,7.01154348789511,7.40247867578576,7.5590499832718,8.2516706046552,6.62558713887557,7.53174249276775,7.03771458040105,6.40675253964653,5.64542038207685,6.76431848442932,6.48548980396362,7.32696510417346,6.98701326034847,7.63719364139301,7.83406603337439,7.13123090015812,7.60531870337764,7.45024449573503,7.41410135911726,6.53753267716384,6.83900249747145,6.91316315531156,7.00701316561977,8.05840193667271,7.42764387623499,7.562202345123,7.08307232862487,6.85982906573025,7.11121474987331,8.75198166504633,7.89092233740048
"Patient_98",7.31256219320432,6.26470068905335,6.44611358998179,7.49987909980181,5.62699739535881,8.03662752834597,6.59684793194863,8.08127821095334,7.51830834631113,8.40360620095564,6.49930167182827,6.01981313806192,6.23041520029561,7.74916307296604,6.45513772688737,6.6212255491923,7.94979669352071,7.39554758242045,6.86539379993763,6.81712816688363,7.74942507792521,7.57453224722821,6.24086844857326,7.00337554591831,7.34185801863548,7.70047167529186,7.39706991782532,7.80367066546865,7.41876468286107,7.68500283755797,6.74285073955088,6.52510922366462,7.40125932285658,7.36985956713342,6.35048190773851
"Patient_99",6.47414308059585,6.56920197724857,7.69093372518529,7.04623343213127,6.39538962509986,7.33261449889835,7.72725401638651,7.95100084844216,6.84013087045742,7.98595655760538,7.08952384242095,6.26506059089939,5.0130039154581,6.40963706412155,5.35225165847382,6.18225935887323,8.07303534466031,7.2162763289227,6.99618722796265,7.52083695166681,7.67792160470795,6.81012984149534,7.19992152924281,7.08798121144752,6.1585779104938,8.09163109617832,7.87052459988797,7.83577629291241,7.86153871387419,7.34780585175712,7.35443796099958,6.82093907439784,6.69334262704026,7.78062885069516,7.08392024773074
"Patient_100",6.10302967115505,6.4287357810461,6.68358813062881,6.55483618517944,6.21602468296002,7.77801795847578,6.79779324339257,8.45293891706704,6.36645627772033,7.75799770289592,8.30053570675685,6.91066534623945,6.44201736962336,5.8199321692059,6.45876437365119,6.53651424555777,8.46617433228505,7.62862694163426,6.78524327289672,5.80440935444139,7.82480186134121,8.25917647500958,6.39025792101431,7.38898073929592,5.29619691189464,7.60772837420556,6.55834821766723,7.44828874404677,7.29700964317021,7.05499878857276,6.87163914587113,7.80297489101855,6.67865213549394,7.86200056834882,7.17517596710303
"Patient_101",5.02010932491274,6.42087577649356,6.34637603742862,7.57358647147802,6.35524737614671,8.11697490371274,7.46544613427454,7.36249345951287,7.03648650317465,7.2683133031664,7.73016855938685,7.05448653729619,6.17648642445892,6.93051411867282,6.05076485163401,6.27966179217178,8.26096033231165,7.41368643759694,6.86848146754638,6.9900180120317,8.55408886071923,7.67304539783125,6.9361587559942,7.7474120698181,6.97088473488086,7.67519193412463,7.30743376157355,7.80110347994071,7.00756116642137,7.17278596198513,7.54858635864868,6.15999402939546,7.05221103059681,7.01893988651902,7.7867760604787
"Patient_102",6.65151005399836,6.0497181397412,7.27121406238023,7.46489273583761,6.27200259886295,7.79359019054464,7.02003863333535,7.82343489070641,7.289326558965,7.25586219655427,8.27005865692525,5.65116222309693,6.26063173974147,6.19232919002657,6.02630391570662,6.74382012370416,7.32026879592502,6.92911636416414,7.61801393644507,6.07177611854045,8.38719350302,8.07288188881465,6.58805532292436,7.97325191061674,6.42189148821528,7.38299243640696,6.39521155983919,8.45781201161055,6.91040146652286,6.17664196336368,7.79575875540571,6.9080141133595,6.85054539336823,7.62536363073493,6.75013097485648
"Patient_103",5.88128884561629,6.20574576035929,6.30995127373266,7.17168154157904,7.21963009458568,8.02670294142787,7.35885862710327,7.91057428816548,6.64029141485946,7.92485049442825,7.04486653938651,6.56166821279658,5.46965425034206,6.71122797215512,7.34873914136671,8.07849773223619,7.01508284597693,6.17177026605639,6.02018182738244,7.46117811633995,7.524200933412,8.15788463011061,7.07523236118676,8.42401759502579,7.27216179866615,8.18522384874428,6.48751443126843,8.11714359451739,7.95342340396233,7.5393420850639,6.53485194383181,7.82011194495599,6.78012504503523,6.31793222407078,6.50290716197086
"Patient_104",6.88112329639639,5.82279191174675,7.12804681940678,8.63571242356747,6.38305630709877,8.18230392055111,7.92710439428535,7.10170943868305,6.95048232039829,8.11464218175291,7.27482333048787,6.55322609561547,6.4086246785729,6.26668788238548,6.48813081689552,6.61962517060832,7.55132603444055,7.16503734152412,7.2047326776972,6.37770494055665,7.09635986055893,8.04508381978604,6.53264708716275,6.84047837828014,6.16715126685366,8.14090240618782,6.88412681754466,7.81007494251491,7.17469936574643,6.7866148156952,7.20446325827544,6.72306753303406,7.28046332904471,8.13901389298893,7.15612099784953
"Patient_105",6.66283010109233,6.12054131124875,6.84679240104927,7.44895514674815,6.14755582586064,8.89644621708829,7.31738748046999,7.63623681948749,7.57602836280548,8.29815123543069,7.66748507993489,6.81930616467857,5.32933159264537,7.13681434407233,6.23575566766826,7.99324740554654,7.99727311183946,7.37302170446947,7.64136822113842,7.93014683866086,8.16409517586565,7.72008634332466,7.40800548020228,7.99418840858027,6.52324650134242,7.9119285947236,7.68663598296729,7.56983909908371,7.01107375250045,6.88580059389144,6.31078560357003,6.79210743748214,7.34496195790701,8.00987586049282,7.49149187971657
"Patient_106",6.48096795925315,5.90595604608476,6.91403408951571,7.60153740016584,6.27547359466676,8.67000128216324,7.29259548336033,7.54700757353756,6.2205108585581,8.28373650634256,6.02778685815285,6.24169830637072,5.30651600821471,5.80790707192934,5.9695744382883,7.81568271036214,7.19265770919834,7.95401227799956,6.92347278644909,6.89068600650348,7.93066141491569,7.27038703889065,7.12938782150172,7.89478000793487,6.15724195279711,6.60607465836691,7.79639536870531,7.66369725837334,6.50549756565466,7.38116812094446,7.42548737402717,6.53374459583766,7.36949467964386,8.17339966478095,6.89802668375653
"Patient_107",5.54704273635634,6.6105026622736,7.1121908860402,7.10597682218502,6.89360299412917,7.36391534994345,7.91158332311855,7.76864292514226,6.66213015630939,7.52983549235292,7.44929661471733,7.24255307167359,6.86348133610636,7.21871048078034,5.81979742650915,7.23442597482424,7.37923500454492,8.04132982781645,6.67153351816964,6.89723896839146,8.68166806200069,7.32856705706638,6.44962043807863,7.72429807161238,6.09991947835031,7.97394952300758,6.38816395787496,7.68462477232784,6.41542165983088,7.38170729488622,7.64274301940202,7.15702011429009,7.07702649641935,7.99777531500606,7.75084997018443
"Patient_108",5.32041367330112,6.10001994682614,7.44093112715625,7.33277225083869,5.74249642039376,7.6287957669812,7.20597426547595,8.10876380600835,6.16991572634916,7.81991380565082,8.07564683571408,7.13081750825875,5.17999641530302,6.31151526548312,5.47919635200081,7.40496447912401,7.71208083455658,7.76456356410093,6.44049535636344,6.96591787243031,7.55725804973249,7.59319762599968,6.32838811057916,7.2392979025748,6.47984335149815,8.27002686419911,7.35164537992424,8.10484657671116,7.94251144315818,6.58180038616064,7.27768896734027,6.94151584302875,7.51662851309647,8.40508430873083,6.88618909791967
"Patient_109",6.20013427937456,5.93226109324588,6.93903520927853,7.54045052896239,6.65124039686761,7.94470559068667,7.26584730581946,8.14725076669317,7.46738984118826,8.06995866758306,7.10726780052006,6.22502023830826,7.61733008079262,6.59657953426444,5.9694455069817,6.85917373212158,6.23580303153886,6.82536698304613,5.93145339806834,6.83728179530036,7.42293649634879,7.07488011387681,6.64421221183266,7.6079871625005,6.82918484551342,6.86603474634829,7.29118358395814,8.06435603862978,6.84870434432836,7.24020196992019,7.41989371926606,6.9994817013375,6.82114878321782,8.35741149458276,6.6153902834236
"Patient_110",6.04252134040755,6.99368663339749,7.16634737328805,8.01774522631048,5.8957553955681,8.05390997439197,7.37856814777996,8.74117010593587,6.72171091900959,8.20394830099402,7.23674156977987,6.98230523166258,5.91983430253165,6.76232829292312,6.12289920196827,6.83519205970826,7.63139496956297,7.30536946403392,7.35135703533401,6.81429877412669,7.78919921148296,7.06289642274945,6.99723177888143,6.60023299723573,7.53699977129256,7.82549622209299,7.90967107655318,7.60293386741807,8.23240106244296,6.98326121831915,6.79905109910896,5.67157805716116,6.97428667926012,7.97036660611536,6.63250379519033
"Patient_111",6.21090597523114,5.704758981097,8.18992274676662,7.81372751012039,6.28731201943069,7.2910772842046,7.29457516491025,6.96287579796881,6.87151227045783,8.14936675868742,6.99781076603743,6.38990122500498,5.54269019451894,6.39532393053126,6.16620740204974,6.58791832877043,7.15656819695992,7.66422997782033,6.53115568099913,6.16465103583723,7.32391770624523,7.29096778982934,6.50568924455055,8.43405665073801,7.40367527326702,7.38774164871311,6.62494766916307,7.46078168292635,7.88234414044019,6.75358586195634,7.46655435008288,7.61075057081494,6.33558928251492,7.99842411631809,6.98080128221495
"Patient_112",6.59383826067072,5.87058997749014,6.57930061420724,6.64750608518491,6.72033054533492,7.74025960323876,7.66028850254349,8.44842295370693,7.60575031947297,7.96774398879946,7.38108533275211,6.7480054452582,6.57288146916001,6.59300345761333,6.2039217338323,7.69977549519146,7.41399016947606,6.78228541055959,7.6776814133711,6.71087347508241,7.39677936509199,7.01105344050864,7.38667174678534,7.73678289309208,7.08964261560673,7.77692377271426,7.51408359097932,7.25364266127085,6.98935069340985,7.516139747954,6.67099341264768,7.22805569331309,7.13444599749174,8.19660946839973,7.00744232830127
"Patient_113",6.60304290348963,5.86704455210398,7.0189427193247,7.25804746509447,7.61265006796095,6.85499666186974,6.91976564991165,8.29345021538969,6.24221307436063,7.92930569087008,6.99753786789053,6.40817145794593,6.34606640281704,5.89776434755745,5.72747193193308,6.7054349570186,8.36786382533998,8.36119270540956,7.31754289579264,7.93110094279488,7.40233692317268,7.62102032362541,6.80688816154659,8.0252042114053,6.54832374415954,7.54766922381958,6.76005378132914,8.2077918274693,7.49641769524001,8.05077704396047,7.9584620440477,6.21678218885346,6.21643032366134,7.78418798246581,7.59194766277661
"Patient_114",5.74013545590932,6.52656491722287,6.76426865362712,6.89572490068924,6.72086265117301,7.81531165280214,7.47025210852988,8.47870323405767,7.39215179537707,7.72935426954242,6.98320920078971,6.03269579386823,6.20124435749697,6.19389335056874,5.53212401766332,7.13176669315653,7.13918425919062,6.94234008833746,7.40184170121468,7.73677617633966,8.15958721928499,8.40098530638057,6.65704124214595,7.96045211828693,7.37740148937702,8.08502879929618,7.41647330962195,7.40793395500973,7.10416181013206,6.823306580633,8.13386273966431,6.031595101009,6.9627538410908,8.83048243533317,6.1749715204373
"Patient_115",6.84452030491477,6.64874569846345,7.43095283056811,7.77360737525864,6.54756296863554,7.98423196079014,6.88848074794036,8.37856219989112,7.13129203573185,7.68768525918775,7.83218056200779,6.64940500014055,5.29661526073845,6.57437667254621,5.19124421939483,6.48748390941567,7.41063122168541,7.15110186078803,6.59457356910815,7.22737305801027,7.81780207095407,7.48227542048675,6.46063897033303,7.32656939598055,6.68591027879961,7.86892873098291,6.92088755397498,7.55828114421023,6.98714223267281,6.27548752494564,7.24422102075633,6.85698389592587,6.64988780943749,7.35383651278592,7.12672133656863
"Patient_116",5.87139276962239,6.28451823174167,7.00395925386823,7.60591430924713,5.25038568278585,8.05472969794318,7.10228478314651,7.55384142490157,6.46037968807726,7.71326407591286,7.79519405725543,6.88109758700947,5.83525984063124,6.3434130063925,5.56805611577244,6.42226239519377,6.38307302821404,7.33774761818505,6.79110175122999,6.66726444563239,8.01328377771619,8.35083258378538,6.45373614190342,6.41487182962686,6.63428517954617,7.14932172573929,7.09982941143729,8.25206506047459,7.65263245716512,7.13648901616915,6.92511940289349,6.66577561084775,7.11037256656395,8.3098734014057,7.42605852315546
"Patient_117",5.84934715170073,6.65671667502485,5.95521584194191,7.93092332584512,6.58622153348991,6.55731149499798,7.5995733002655,8.22577867105448,7.08262395153273,7.39235172204359,7.08084031602991,5.84897578035354,5.26051869932953,6.91744490060397,6.49262737373945,7.48474897053424,8.06618504652296,7.29027130787972,6.96162412942546,6.8143450847334,8.01415226343302,7.48613513869726,6.47628332274707,7.78652691070335,6.39118231565705,7.66079091374658,7.66148334732582,8.31805878759362,6.7531908244285,6.41728704178051,7.30526819512026,6.07153377174944,7.26169739138606,7.49436159680982,6.72399155101104
"Patient_118",5.53482637436603,6.23241612998542,6.60174602428071,7.45351527468195,6.58024699376448,7.65702765079994,7.68522765588641,8.11070460314369,6.88014811539077,8.75985158765973,7.43642922345866,5.83173004448238,6.44611822708152,6.65249144405915,5.8646254742871,8.85287245820277,7.59307462447176,8.04982648786621,6.53594533414485,7.60288697635393,8.15197429840661,7.14662753711558,6.78952783052554,6.33229597936262,6.57268921999617,8.34800626575769,7.86503422286739,7.71259305085781,6.91428094730954,7.74954780102342,7.81139105741993,7.59685953927632,7.49335670871923,7.44768373922287,6.83223243631877
"Patient_119",6.30844902386853,6.5983098264663,6.24984552008735,7.30734402443842,6.32534246660648,7.58406857107757,7.63262351119941,7.72904817287148,6.29901938287687,8.13137414336876,8.46703751948601,6.93068709566851,5.53390687502529,6.40299707475137,6.2870125167177,7.22869013159035,7.21851088637496,7.1457684497358,7.12253576892976,6.45650435305648,7.89587807088173,7.99932656295945,6.75867785108699,7.84140609764275,6.78451243457472,7.87460569747408,7.47737134626027,8.94194565908966,8.11840119357372,6.84163089783623,7.54292949225209,6.45300237334638,7.44251075955287,7.64478839363178,6.46916326866815
"Patient_120",5.9916921333499,6.48621387101441,8.27012200636673,7.59049141950335,7.75795000174174,7.17475150973896,7.73462791054756,8.01672900667437,7.82419568285589,7.93104482342788,7.62430878810728,5.82808395123045,6.08099544425849,6.1151138150119,6.51698666423015,7.9071329224553,7.01557963166561,6.84310159586659,6.76176101433971,7.30071884880251,8.34226273091027,8.24861962919713,7.21021058127424,7.10518308033869,7.17422008206765,6.98400128127414,6.65402447477619,8.02805673787115,7.45922851354517,7.62691266837565,6.72587788299912,6.73928314001027,6.83645513411659,7.96636572349281,6.97969877828722
"Patient_121",5.45599903265257,6.57421964000464,7.97938578307563,8.30368567389277,6.82176534588636,7.78001554023243,7.18046973188723,7.94608427749522,7.19108246815622,8.31953840969245,8.06642106629368,7.44212756090661,6.06607016436068,7.27281128707993,6.51431934860034,6.31335414165328,7.90426010156942,7.86630470785334,6.23657318785988,7.0932314283838,8.14942353849398,8.32072046512624,6.26941361813358,7.09321916072988,6.85048933310336,7.84908349806513,6.87776599437653,7.90852775467899,7.17496860620577,6.67676739107434,6.89163966766526,6.53295725803602,7.25439481395194,7.66937345444842,6.48038738798062
"Patient_122",5.20616194836722,6.64541498450916,7.3812461615797,7.74784810177413,6.94509992053633,7.44063191274825,7.38300528360376,7.77994133339635,7.09709095781947,7.59514230406208,7.41485347749847,5.3203798466821,5.23647104666296,6.52556680317684,5.59540944015052,6.71484808594757,7.5082034673523,7.68442636481987,7.64379118088252,6.98131481889374,7.39331997438663,7.74264230991414,6.65422499925958,7.30672142571835,7.55431280982499,9.36648680103688,7.32588958088353,9.33583421533889,7.3562464217121,7.41539543148633,6.11590782780533,6.94296674843138,7.73524893324688,7.82677989652707,7.35603251330734
"Patient_123",5.76102658525461,6.33475459966364,6.2861017049923,8.13233934272725,7.37121932015347,7.77272049025468,8.54005002750315,7.89507522983622,5.54377601117955,7.96379530064683,7.33207150977256,6.85897517733108,5.96115551523082,6.68710029800972,6.09099180764801,6.91966464141076,6.01005717246158,6.38373608699759,7.17968170561036,6.68023523468629,7.55939481438695,6.95096842872061,6.16629776837558,8.26061101674403,6.67176080960785,7.14405417420121,8.1638323302809,7.89939895701249,7.41832395431204,7.13807443516229,7.64377871003115,6.64686253092814,7.45056254608838,7.82432971581071,7.52054988818462
"Patient_124",5.34454210625537,6.12201822233717,8.00980040497044,7.47741405250322,6.67508572964452,7.84872949114193,8.0817676459567,8.33860674304447,7.40640088331232,7.36881347834254,6.76139444150994,5.5797393274025,5.78894510437487,6.38279882978308,5.51206218628614,7.24421100060222,6.9851547115224,7.42546623030946,6.73471258380785,7.67788749559957,8.24691844913923,7.01851449503168,6.88483728274347,8.20325995058276,6.15384517277511,8.03967263584311,7.83416416881013,6.52177420822624,7.9145453558672,7.27093613787625,7.64924238656119,6.63326694158234,6.68440369076765,7.7866798335323,7.61629573466075
"Patient_125",5.892323548431,4.73947190620236,7.32412366644688,6.6066814215677,6.40176528494067,8.52624198621863,7.8351826025696,8.83479195955435,6.07018180928465,8.58047213166247,7.4595749534759,6.30021863748437,6.10056559141337,6.08142398539744,6.01867075681663,6.79502381872444,7.50175610131425,6.96831049023143,7.00549606790855,6.60822187297227,8.46394834386809,8.26288076909748,6.53364948951656,6.80202811335982,7.39876533463194,7.5868777367131,6.72874710177037,8.11332001196509,7.02156430992977,6.92487153754818,6.73448754513587,6.15887155206051,7.66259030203129,7.52637318418649,7.92867816074905
"Patient_126",6.16957102389013,5.81001043996488,7.90223670014613,8.28542218388119,7.20060382131653,8.2175676674568,6.76530057101163,7.60444198809395,6.84716810203234,8.08978843900866,7.28084808844962,6.19564052734537,6.08355709302378,6.45330401356279,6.44073003864717,6.57963498244723,8.67241736279282,6.95277705349267,8.01739444681666,7.34304230131716,7.55659613795472,7.59225680330194,7.05130651649247,7.22182933716051,7.3335934064263,8.14438549379543,7.83648449536089,7.94455798837483,7.28132803706686,6.91069544971325,6.89642839387944,7.2759380952792,5.85427786855263,7.89397613091448,6.83015927876977
"Patient_127",6.16299273251688,5.59133404259139,7.20929324408066,8.31743704833498,5.78455190346162,7.39753749070429,6.7441566255263,8.6782824239303,5.97839281556843,8.12641439774589,7.27641164959067,6.77283970297455,6.1042375704233,6.17086846628423,5.48965168450464,6.48731345902515,7.1593638626232,8.03028664207857,7.29743532211435,7.43157158505288,7.53842200807071,7.38746714477482,6.38637869356331,7.43681767903819,7.22459246869589,7.72037155803422,7.73159319498715,8.10854741814094,7.51236765384274,7.20151673966138,7.5018651616251,6.54242703767268,7.30474554486752,7.4036924753512,7.41460644035663
"Patient_128",5.93123926752916,7.07168256396919,7.26288181160279,7.23823190761319,6.94966741597193,8.766301658574,7.15783019458703,8.09862852626604,6.67614969140391,7.26419701861427,6.72136960048839,6.45659850282146,5.92060282164127,6.33546811688908,5.76740477934279,7.19717047774884,6.75122225355892,7.97557928753127,8.84251641983047,7.2911340559193,8.42214082067727,7.92460154776895,5.95618952277597,7.72307713549695,6.94601755615623,7.6282506990955,7.46699372526779,7.43717127623948,8.03904430040057,7.08324749877766,6.98608140574892,6.42124720611728,6.46360618122267,7.94801824028861,6.53280117959289
"Patient_129",5.99716384031294,5.90887802166111,7.05580513120545,7.73681896714047,6.9665598135245,8.37260854265862,7.15232382235683,8.11451977573507,7.03251925925729,7.97962892592395,6.91684559072399,6.52020926498511,5.76432052470403,6.42528489618566,6.69484281879887,7.1356266978675,8.34587505638938,6.58303778856699,8.23897503401922,7.25655736293216,7.66666634032747,7.79225964215209,7.2661596831062,7.35580642399655,6.89732654148197,8.05722578017503,7.74598011858238,7.52263606764118,6.66204426877599,6.9453216479938,7.26293341589423,6.67059501324189,6.94466964699534,8.5251467689171,7.65262725015242
"Patient_130",6.06509143898074,5.59573763364134,7.42602877603647,7.85864534706784,7.40689294043848,7.89465392397845,7.57444650730551,8.35086440118194,6.65138694572279,7.47902830509488,6.659865554176,6.45474306112474,6.50430373145957,6.436923301091,5.90447544339264,8.22656962387518,6.97527146486029,6.47234601167165,6.74240440175803,6.64969686141714,7.76630462136955,7.81902328623707,6.1264483793402,7.62489327708109,7.37434384011018,8.14327364550128,6.80966278707878,8.35353280045479,7.01506005954383,6.60373656996423,6.77972559603548,6.09001179147377,7.07118282456952,7.25920070704341,7.36953812737406
"Patient_131",5.18963562491217,6.99996985764555,7.23690293150704,7.34555734455687,6.82548615577864,8.11247212997646,7.15147442893998,8.39972325303279,7.05214592734612,8.3438948319172,7.04209075193388,6.74907890885886,6.19789361831987,6.61053527550145,6.22239656879755,7.19601234632721,6.42183255770851,7.99428173928839,7.51207493391899,6.91750398905303,7.82456690860252,7.30618764241077,6.3948372358345,7.85740421717002,6.88747994682703,8.04270527577516,7.1176155997577,7.60131289213531,6.31013789335202,7.32561068421956,7.60622007163408,6.98134501631435,7.51304839483151,8.02588559395011,7.03930605764383
"Patient_132",6.28114982745732,6.25142874829564,6.62165386239329,7.42753839913795,6.31137558797976,7.7200284326107,8.71493412095147,7.19306141577445,5.28873629753623,6.62224127602222,7.00756969100106,6.37636499250379,6.38664663187101,7.08743924031944,5.60826569791824,6.96389778798725,7.51217297575277,7.88042852536842,6.4671751321346,6.54580271370969,7.79092974479789,7.49530623732509,6.63041910438514,7.46036017619397,6.60486668599011,7.75943753143112,6.9772110631485,7.26191795519817,6.80171037636584,7.36280510297349,6.65225677839702,6.49924296488826,6.97869516258692,7.87123006608075,7.26120486298326
"Patient_133",5.90599177966212,6.35742826981988,7.39281336309973,7.28383819738657,6.39533034116123,7.60328858478319,7.32589414359775,7.43545725656219,6.05562436197022,8.15463243958701,8.07200457040149,5.76133682314717,5.45164881702828,5.46127691536448,6.40234816351393,6.77480885145282,7.98691735095814,7.27669112148712,7.18396027320908,6.88203708236356,7.03562033888442,8.5079017649563,6.55096644092639,7.48425896591127,6.63143053027226,8.37248862193742,7.32097199431906,8.63026443539015,8.12431775560384,7.6296488785344,7.10090208434251,6.36719585842036,6.73979690519507,8.0060725798033,6.602466571083
"Patient_134",6.22683229493151,6.18905658707215,7.00308565196073,7.24043735481253,7.71829200239122,7.8135252024284,7.56004007506873,8.25727988063547,6.06964677011408,7.78285801909265,6.84216491820756,7.02195065815446,5.68389394828112,6.79967083299032,6.55549743849373,7.85774104214582,7.41268391973071,7.50685816213922,7.03604939740124,7.41763957300063,8.22778433139929,7.35541956877793,6.66533292979551,7.27692495036774,7.87597853086083,8.26958251661043,7.25004056282527,7.58912949255517,7.64176488623983,7.0640021608366,7.46636096653522,6.84483020932836,7.25178150894553,7.0959441931533,7.13811269372998
"Patient_135",6.13603600225317,6.43077197674544,6.95325831248703,7.67614741945811,6.68502116997825,7.53312879061752,7.09844820144946,8.35278762526458,7.48845936295168,8.5426601105557,7.62502437985435,6.89437584831689,6.71580011592977,6.78814287930978,6.28951954749687,7.04671634291524,7.09648925434341,7.62029536783292,6.78854646616709,7.44016436258564,7.7051903515478,8.04501821250333,6.57413951371383,7.91139454607503,6.10290994262795,6.8762014608345,5.83781832176618,8.30218221586916,6.4570734398454,6.74525748353533,8.26894559381582,8.17563600247114,7.151752300134,7.75067893609985,6.79257203668617
"Patient_136",5.7330451259577,6.22666109439745,7.07849065536425,7.14777791572031,6.52298337033773,8.91207723795736,6.65330289122628,7.78229875903389,6.75111148106498,7.39345838394243,7.60608300228799,4.7721920922697,5.47001473661107,6.88244140322572,6.6945979024634,7.99808605868177,7.74095576018115,7.67017645143667,7.12134016686157,6.72994572836953,7.98659621805327,7.67816984221829,7.56458206494606,7.59343793709312,7.01833631390185,8.12049847200098,6.90465771331255,8.8001090925424,7.05445659644909,6.90269081269836,7.51777026534782,6.4831846332939,6.95629051911623,7.64746732368223,6.73895000853247
"Patient_137",6.50141803649338,6.96018295968854,6.78199193808631,6.94896679155026,6.94090441655619,7.91882960410027,7.23216117339165,8.84739935316622,5.8228222577197,8.63753251200463,7.73402210517782,6.01712515115446,6.21146855268958,7.80664370316087,6.21759171815737,8.0952493269642,6.77677582879432,7.31251479802937,6.12192351595744,7.05346632971917,8.54690637956873,8.04488566855901,6.70882933033316,7.00501834267017,6.84494903536999,7.84088018579566,6.89278846487297,9.03191996551587,7.03623607584053,6.71106376634774,6.14308260173297,6.88903295106141,7.04798862971504,7.47219317818381,7.20670299128798
"Patient_138",5.3404946036093,6.58950968010941,7.05185240389975,7.52154746974167,6.58951230498308,8.37143995402259,8.02761700183224,7.85724070395822,6.01753075271849,7.23971816601002,7.09286730110246,5.55200639615142,7.41087763744855,6.40076015132288,5.90488835749618,7.27847150327725,8.07559094844916,7.32880262787533,7.56218209799858,6.85734468299606,7.7144078929499,7.78589891373169,6.51718218594088,8.59369192602935,7.06895728539856,7.32083311070502,6.91964553698381,8.25944018803544,7.7074479505567,6.18458914807251,7.32707527977149,6.34854999087204,6.39818436898842,8.61097541857723,6.68760495392703
"Patient_139",5.30189171531776,7.12731546951773,6.70371782862428,7.78956245014435,6.49475935242298,7.51115648341986,6.96446264330506,8.07337929237129,6.06187012756755,8.0816150484382,7.57375998117748,6.09718723445635,5.92493123126563,6.59310086605217,6.08371385940167,7.19800191498511,7.41128314312412,8.59584183184116,7.02936891638363,7.12350101426242,8.01998234533065,7.83439174857781,6.76910704908468,7.02013346557425,7.0246608669003,8.0309040754422,7.64796308328722,8.81305483416407,6.647741638832,6.76514528252458,7.18042240616129,7.71430583098051,6.87595691695634,6.99075661333976,7.6679263531526
"Patient_140",5.7447392742765,6.44944146474345,6.91889677466989,7.58884122794795,5.98443510145049,8.4059559863158,6.83043271368554,7.85538246268294,7.08083197062027,8.1659228090693,6.65507945365825,5.85452211792967,7.1551082243737,5.82141702523421,5.99775761906802,7.55586086939661,7.1952882013713,8.39903037539873,7.91228053892519,7.2117322343472,7.70957856864144,7.94948771612214,6.03055879514466,7.33808025074146,6.48846528514573,8.27543904829061,7.14944216642128,7.83278204513042,8.0561608362577,7.99576924447784,7.40261657375155,7.72257812948306,6.76208142325821,8.10226744081746,5.85206811829727
"Patient_141",6.42629683064017,6.22258467421839,7.63653548257603,7.94074593120624,7.26564559117825,7.39591449199508,7.04104077847312,7.98264388824027,5.16447941611702,8.2658713251462,8.14176939617397,7.22122946356804,6.37278253750801,6.17705903255734,6.61716780436933,7.16914789520566,6.75704432370966,7.40307168638768,6.61233936671019,6.61496721342137,8.53813825119138,7.83573597690523,7.15344255231803,8.53057638513571,7.04194716786235,8.33852033951824,7.05864818920803,8.18595155929041,7.61436984567624,7.15396221872107,6.89945166992154,6.19644261959973,7.09096265195721,7.53370481939022,6.76466647161812
"Patient_142",5.00541094740874,7.23763954432057,7.85989195907255,8.11754615279828,6.32092218481377,7.82036431113386,7.48150544940881,7.31384155224546,6.68165204586661,7.94752056848948,7.27405711144525,6.77427909243953,6.30845915546966,6.94351073549663,6.05957805991136,7.80462288178371,7.96413509267069,8.10491753359527,7.56655747584959,6.57731119963898,8.32353442082777,7.56837774242639,6.11771598973842,6.65278337753782,6.77546946370953,7.85653911046793,6.14458188708734,7.8292709790008,7.27323479654312,6.61795606574131,6.87853976925849,7.16225578859986,7.43595331205825,7.8244365163247,7.63883160385175
"Patient_143",6.90362815893099,5.93126259916203,7.31896172963138,7.68060138417365,6.67764922266539,7.5878236623124,7.4641008280478,7.23168874779998,5.87074372350824,7.95101773463404,7.56372034071916,7.01240825940151,6.33831250471019,7.41216121678815,5.71971798810247,6.8768633697791,7.59717113285272,7.97753290088088,7.41483618937445,6.83645420490016,8.48816715297617,7.40950879047884,6.80012317329166,8.02776104311096,7.25676991528806,7.42692781322051,6.78028381543775,8.06843592139548,6.76205815301723,6.38600770093918,6.34168813790113,6.41957838736252,7.48110447045974,7.96403669460683,6.92595228408127
"Patient_144",5.80252704265228,5.95735634313666,6.47699350283659,7.55199340273192,6.16202640083612,7.67325260418939,7.14740459143785,7.92081219629416,6.81829596023584,8.05903906550595,7.94376432390493,7.38530189146799,6.67780336734347,6.51194820169594,5.62210836199653,5.57769955204606,7.90502584164722,8.34182754355317,7.15413718816901,7.44066584002349,8.44319960004567,7.94809509088502,6.56860155426407,7.20124959731007,6.84124709054731,8.52087688163,6.90250617843253,8.1736463096036,7.68403155904435,6.81278987608317,6.73896133964346,7.45020399943731,7.15390044402242,8.42743436221611,7.13595298249554
"Patient_145",5.7680526356309,6.96662396583449,7.0402890553003,7.22276983805823,7.13555086368713,7.91505487856515,7.30327810706375,7.77229582861964,7.09708043195313,8.28483624435558,7.97006783177676,6.51789417414895,5.30799437661092,6.50386822294303,6.18197922667952,7.33417914381729,7.39917949053471,7.76222252777745,7.12372438238626,7.36915787144907,7.94269877272074,7.02817620947249,7.45992590117908,6.61224130132719,6.07078652931227,7.04739429351079,7.30616369032613,8.01013602753342,7.60638491044829,6.66900518640126,8.17848736042982,7.01024948038999,7.25395395062356,7.97696472805563,7.2294422895449
"Patient_146",5.92670598073436,5.68264217852103,6.98015086955317,7.92312954379815,6.50922942203835,7.46839741354648,6.8012787019076,8.6840486002374,7.00412629061087,8.51315143689792,7.19224188767135,6.78131662608606,5.03254530129362,6.31695968429625,5.95351496204118,8.35937640270332,7.05805429101684,7.73085969538888,6.78796929511368,6.57597662795948,8.43951832085466,7.92774556965049,7.21404219407954,7.53601984438779,7.28393001797968,7.43625295001722,6.33788380982767,8.0249992632285,7.65150108307321,6.95400961334145,7.55723022252859,6.76416143262203,6.76126659749288,8.24152549640714,7.34651487707634
"Patient_147",6.60630197130797,6.01249039677095,7.68194062979157,7.19428515768236,5.90472316898243,7.29952766319106,7.81886044680109,9.1759375903381,7.004904805782,8.04402745391914,6.85392860081989,5.48096323851387,6.26833907490498,6.88121704068687,6.10547953833439,7.49001862417603,8.02926658436322,7.38190087077269,7.70563993919366,7.46631681509188,7.76245394830701,7.18846727565751,6.14815074158756,8.03915983405192,7.34732396479634,7.87232558311851,6.67226952676291,8.0821367410695,7.64844263566054,7.58652506342885,6.58946387271945,7.096268592456,7.91973596254639,7.07462557137046,7.0074046980287
"Patient_148",6.42821127189842,6.86947663651851,7.32539214510234,7.73701557087213,6.42854368920478,7.44622675934632,6.98234487297465,8.61995903082874,7.29359944891525,7.86322941957562,6.70501365206745,6.107476259847,5.90476327782067,7.36267278106055,5.98546926563521,7.27801235117382,7.31081291586713,8.57200043347685,7.62152841880547,7.08093005317154,8.33740408284142,7.01509994264577,7.64971492115923,7.75607972074929,6.65602571516413,8.98362377781234,6.61011267079012,7.3041926897071,6.91557132132103,7.7103500604628,7.45666922183738,6.2600331133861,6.62147756331782,8.07454759293997,6.96339475836906
"Patient_149",5.44659314156158,5.65977479444238,7.27900147011074,6.77298881557039,6.99374077654668,7.31950105773145,7.60842986760366,7.68917639783261,5.97457592766496,7.48272618373493,8.10484854547278,5.93705841042986,6.05191295425333,7.09535474014551,6.27237871117021,6.23547997517605,6.67454456955241,7.42075753377316,8.34032386997,7.46439293333465,7.9372077582205,7.16010777863985,7.06297379909194,7.90512376486272,6.87086630910218,8.54468060781776,6.8288977149916,7.67817130334714,7.64137670281651,6.68821177096092,5.89967792195889,6.76494671817792,7.442292051603,7.9846437879571,6.27885327070884
"Patient_150",6.12401918973765,6.15126877008378,7.42407171178831,7.8668227414555,5.22389600172198,7.82799270952514,7.75268042722948,7.99184429091685,6.38205173646556,8.94341974419236,7.22636266127746,6.28646874693528,7.12511697961384,7.57205771556066,6.85361537447453,7.14270479275466,7.81214028363262,6.62787916657301,6.52351573316203,7.71982141092681,6.62546176052948,7.78069878552552,6.3188003918052,8.36963099514495,6.67915711338834,7.32279925431059,6.9021001136795,6.56019657172867,6.83289194345685,6.38714995432619,7.87395583085949,6.00938709646892,7.30401717342923,8.26865058723114,6.9692106559864
"Patient_151",6.26548524099249,6.38367082939187,6.45219199264382,7.45671055398795,6.99603841154068,7.59138933562978,8.34283618557906,7.89375393088901,7.15738699966957,6.87359016060466,7.33897905995408,5.99028603573685,5.79536315164342,7.07206119088966,6.90865491576772,7.12911184646143,7.19181621528976,7.80637181798322,7.47525855945731,7.7374453639676,7.71073787767787,8.2599426528848,7.32387203756559,7.49538763621936,6.15525899306809,7.91903911381788,7.93384663739195,8.35882795660715,7.11898209254722,6.35013190641917,6.81822556718419,7.37128573630001,6.78559005971836,7.27979997673272,6.95816162002742
"Patient_152",6.0883892045636,6.08914960508871,7.35368344852721,7.33416494200795,6.85805057953653,8.1182910644119,8.0272479838397,7.67892751026144,6.3494416480775,7.55101892716521,7.1785538316453,5.88633341502615,5.51259966618674,6.06367394566109,5.60488887805226,7.20610878178715,8.21168084493448,9.07291035554492,7.4110360982758,7.51680573396487,7.20359572848509,7.47409406731796,6.84909629462672,7.38320366039988,7.22334149957389,8.25126907018197,6.85969370242615,7.41213004669395,7.80488358638956,8.28392938850513,7.76395559234323,6.58520781847707,7.21517333803924,8.24587995471808,7.43905171243938
"Patient_153",6.40151802937907,5.39685360363334,7.41242192200534,7.82740860270603,6.37703073252734,7.01425440650429,6.88775519855319,8.45799270268735,5.90785293665874,8.14065859663483,8.09023518021861,6.4118277846918,6.29645531902559,6.76538216628066,5.11972682614512,7.46189389117275,7.97439721577891,7.59727990863782,7.31391656161996,6.94634980589194,7.17861429418132,7.68325264865817,7.03039682336156,6.94137049529089,6.79980179229663,7.56391323383676,6.88182927729242,8.08227337188947,6.15314424476368,6.35823206877803,7.98910200342405,6.40410040248892,6.93606408697682,8.58285023973754,6.48341009832994
"Patient_154",6.13364446631491,5.81012970881423,7.14299538990159,7.09132658169076,6.20607652512854,8.38051903383787,7.61550207986939,8.61894385301031,6.71380168943541,7.28184963812483,6.6103482924953,5.63048096902138,5.86309558975472,6.98261668210791,6.91927186269577,7.00347055333883,7.47805729317935,7.39630803885987,6.43986618055871,6.06060356368416,7.68092562663062,7.88159810958599,6.91262838738044,7.4874808391314,6.91851544597732,8.03411896422864,6.88066826101624,7.34418529997642,6.4765930774672,6.98440616825354,7.40391355842472,6.91245199198905,6.95344476543265,8.65083415625184,7.55590880049415
"Patient_155",5.40564377532405,6.17138161865052,7.82575977240378,6.60653517917019,6.84333598248438,8.11164955069048,7.30631365061638,8.49665497439706,6.27335738358751,7.70569598689893,7.50245916847733,6.50879364296345,6.10209119407884,7.12722656783569,5.58009800990672,7.44754048972326,7.372632463686,6.65863175525831,7.86339649945753,7.15583913986889,8.18247787673702,7.47688388448709,7.07845140899747,8.62732018812337,6.68995996414166,7.62171724126562,6.96644695549386,7.36465172085201,6.81788142567394,7.19089903636607,6.75276964103246,6.88125193002608,7.1305589828543,7.5218271109596,6.83479555269373
"Patient_156",6.15635071871747,6.38476434829246,7.40489619792934,6.6551680539465,6.77305703024951,8.3528666640807,7.76305326765246,6.89373867982874,7.47539449390833,8.36846518818804,6.75584208799219,5.9433488796779,5.44342421323146,7.22627950667225,6.05351646622148,7.56620341337454,7.48966340851005,8.18932908992063,6.86165451379813,7.71804621889914,7.97618126250948,8.44945770241368,7.4469211839702,7.3025268733346,7.21499426271418,6.84634124712791,7.33517747488103,7.5415706610014,7.06441838582384,7.71210082586382,7.6084625193728,6.60456516895379,7.921351726182,8.2889271208025,7.49051376602127
"Patient_157",6.34166959840677,6.03198772886234,7.73125221618328,7.87434627745461,6.52647861784454,8.12267476772925,7.46281720425144,6.64274435938725,6.70992226509564,7.93116507960324,6.93344736074408,5.56071819469904,6.40785108610191,7.03969367130051,5.89710728025685,8.1915802435303,6.45741234274694,8.57370131842051,6.77497552347592,7.75834406792635,8.89789345117449,8.21105522361279,6.5626559980871,8.19389296187696,7.46477151148137,8.45359932482961,6.33341060358127,7.54840176838885,7.39598248712967,6.86101261498554,7.85483787733567,7.08172790651512,7.57040437703806,7.60315021046903,7.62011157298195
"Patient_158",6.64091310586909,5.89528580474913,7.17486862067781,6.70487792996451,6.28265618865832,7.87743574771688,7.86803153711064,7.99321209307599,6.03580417066789,7.37812452057051,7.07051371759812,5.74736253973179,6.32016569257022,6.44831864724153,6.35070976887737,6.08432923392911,7.42837781913282,7.83326365358267,7.05008013569044,7.40750825790385,7.93349710072919,7.23367851826734,7.11705412005835,7.91127911154107,6.90283029344526,8.22595406666958,7.80512871957852,8.89700765637177,7.7481755429513,6.72739390602303,7.83150330502431,6.23022720281176,7.19541290350287,8.35387244701806,6.59596500874473
"Patient_159",5.75785124117216,5.58833499882608,6.53214028964475,6.44584603342089,7.4487646954249,6.32555829090112,7.21946910826322,8.36136754799607,6.58318177877356,8.62362654487287,7.20290958978898,7.19670219439642,6.00595443177935,6.59252307858657,5.97789466254505,7.58879099513826,7.40585550261383,6.28024125839389,6.76410654124328,7.01635110021498,7.65549533998487,6.98000156281087,6.2779345815685,7.19099833970763,7.2755821038971,7.63577987015513,6.68967633633882,8.00402639567347,7.39696710451459,7.45361090006354,6.89291562036902,6.18228281478187,8.27062213144644,8.01946653199415,7.46009274454306
"Patient_160",5.50980461678469,6.33065646871393,6.23483814850241,7.44491091466958,6.89838018310516,7.89111502099514,6.33568119333576,8.22729767737959,6.2418340259531,8.03230875196566,7.62737135455729,6.17671327853275,5.74462287074436,6.62402361719895,7.12023324300255,6.88061014583322,6.24681884271448,7.66361462474617,7.41724615015964,6.05131932350466,7.90051751190473,7.9383863987492,7.89309216212647,8.01123751953987,6.89455188191107,7.93336413907895,6.65504651942081,8.02515867987985,6.56235185486929,7.31359846691663,6.64853429338197,7.24105248875299,7.79100272412403,7.60805921236292,7.076961375879
